target_id	length	eff_length	est_counts	tpm
NM_130786	1766	1514.16	0	0
NR_015380	2130	1878.16	0	0
NM_019112	6818	6566.16	0	0
NM_024527	2090	1838.16	0	0
NM_133492	1088	836.162	0	0
NM_001111034	1608	1356.16	0	0
NM_001111035	1631	1379.16	0	0
NM_001111036	1558	1306.16	0	0
NM_001611	1474	1222.16	0	0
NM_033068	1347	1095.16	0	0
NM_030924	2712	2460.16	0	0
NM_178525	1422	1170.16	0	0
NM_004924	3954	3702.16	0	0
NM_030957	4237	3985.16	0	0
NM_213604	2857	2605.16	0	0
NM_138422	1580	1328.16	0	0
NM_001142555	2075	1823.16	0	0
NM_024876	2443	2191.16	0	0
NM_001130	1676	1424.16	21798.7	681198
NM_198969	1743	1491.16	1264.16	37729.2
NM_198970	1673	1421.16	574.103	17978.2
NM_005858	3543	3291.16	0	0
NM_014371	2114	1862.16	0	0
NM_001098632	2018	1766.16	0	0
NM_001098633	1774	1522.16	0	0
NM_032375	2374	2122.16	0	0
NM_001243027	5263	5011.16	0	0
NM_001243028	5170	4918.16	0	0
NM_001626	5300	5048.16	0	0
NM_001145396	2953	2701.16	0	0
NM_153329	3106	2854.16	0	0
NM_032878	977	725.162	0	0
NM_198867	938	686.162	0	0
NM_032306	1331	1079.16	0	0
NM_000479	2018	1766.16	0	0
NM_001039667	1789	1537.16	0	0
NM_139314	1903	1651.16	0	0
NM_031917	1857	1605.16	0	0
NM_152363	3217	2965.16	1	15.009
NM_133475	4026	3774.16	0	0
NM_032139	4453	4201.16	0	0
NM_020959	4152	3900.16	0	0
NM_001130524	2391	2139.16	0	0
NM_032493	2355	2103.16	0	0
NM_005498	1751	1499.16	0	0
NM_014203	3499	3247.16	0	0
NM_130787	3433	3181.16	0	0
NM_004069	890	638.162	0	0
NM_021575	776	524.162	0	0
NM_001077523	4741	4489.16	0	0
NM_003938	4863	4611.16	0	0
NM_004886	2158	1906.16	0	0
NM_005883	10151	9899.16	0	0
NM_001024807	2450	2198.16	0	0
NM_005166	2447	2195.16	0	0
NM_001645	461	209.162	0	0
NR_028412	939	687.162	0	0
NR_028413	754	502.162	0	0
NR_028414	631	379.162	0	0
NM_000483	729	477.162	0	0
NM_001646	615	363.162	0	0
NR_037932	1829	1577.16	0	0
NM_000041	1180	928.162	0	0
NM_001172630	4219	3967.16	0	0
NM_052948	3918	3666.16	0	0
NM_004491	8888	8636.16	0	0
NM_004706	3213	2961.16	0	0
NM_198977	3114	2862.16	0	0
NM_199002	3238	2986.16	0	0
NM_001130955	5741	5489.16	0	0
NM_015318	5220	4968.16	0	0
NM_005224	2810	2558.16	0	0
NM_001199196	2488	2236.16	0	0
NM_033415	2380	2128.16	0	0
NM_001025604	2525	2273.16	0	0
NM_015683	2503	2251.16	0	0
NM_001080523	1638	1386.16	0	0
NM_018154	1731	1479.16	0	0
NM_004317	1280	1028.16	0	0
NM_001024656	848	596.162	0	0
NM_001114598	1044	792.162	0	0
NM_033064	5036	4784.16	1.07293	9.98083
NM_001193646	2070	1818.16	0	0
NM_012068	2275	2023.16	0	0
NM_032885	1896	1644.16	0	0
NM_020410	3864	3612.16	0	0
NM_001256213	3466	3214.16	0	0
NM_001256214	3636	3384.16	0	0
NM_152296	3597	3345.16	0	0
NM_000704	3559	3307.16	0	0
NM_001001975	700	448.162	0	0
NM_001687	996	744.162	0	0
NM_001167867	1772	1520.16	0	0
NM_001167868	1609	1357.16	0	0
NM_001167869	1563	1311.16	0	0
NM_001167870	1482	1230.16	0	0
NM_001167871	1645	1393.16	0	0
NM_018035	1726	1474.16	0	0
NR_030765	1709	1457.16	0	0
NM_001178002	4967	4715.16	0	0
NM_138813	5090	4838.16	0	0
NM_001015878	1250	998.162	0	0
NM_001015879	1109	857.162	0	0
NM_003160	1114	862.162	0	0
NM_001699	4710	4458.16	5.5469	55.3727
NM_021913	4737	4485.16	0.100053	0.992777
NM_001700	912	660.162	0	0
NM_014256	2720	2468.16	0	0
NM_198540	1874	1622.16	0	0
NM_030578	1031	779.162	0	0
NM_001033549	1451	1199.16	0	0
NM_014173	1413	1161.16	0	0
NM_004324	891	639.162	0	0
NM_138761	810	558.162	0	0
NM_138763	663	411.162	0	0
NM_138764	771	519.162	0	0
NR_027882	908	656.162	0	0
NM_001127240	1829	1577.16	0	0
NM_001127241	1540	1288.16	0	0
NM_001127242	1349	1097.16	0	0
NM_014417	1843	1591.16	0	0
NM_001013257	2434	2182.16	0	0
NM_005581	2431	2179.16	0	0
NM_001164773	1323	1071.16	0	0
NM_001190	1599	1347.16	0	0
NR_028450	2080	1828.16	0	0
NR_028451	1632	1380.16	0	0
NM_000709	1774	1522.16	0	0
NM_001164783	1771	1519.16	0	0
NM_001040668	1852	1600.16	0	0
NM_138639	1855	1603.16	0	0
NM_005178	1864	1612.16	0	0
NM_017682	1910	1658.16	0	0
NM_033341	2022	1770.16	0	0
NM_212550	2600	2348.16	0	0
NM_000713	856	604.162	0	0
NM_014299	4635	4383.16	0	0
NM_058243	5198	4946.16	0	0
NM_032430	3081	2829.16	0	0
NM_001728	2005	1753.16	0	0
NM_198589	1657	1405.16	0	0
NM_198591	1590	1338.16	0	0
NM_001128326	654	402.162	0	0
NM_004335	939	687.162	0	0
NM_017797	2618	2366.16	0	0
NM_019107	1051	799.162	0	0
NM_001031726	4412	4160.16	0	0
NM_001256046	4628	4376.16	0	0
NM_001256047	4489	4237.16	0	0
NM_031448	4683	4431.16	0	0
NR_045690	4242	3990.16	0	0
NR_045691	4513	4261.16	0	0
NR_045692	4804	4552.16	0	0
NM_152474	915	663.162	0	0
NM_173481	2851	2599.16	0	0
NM_017914	895	643.162	0	0
NM_152482	2257	2005.16	0	0
NM_152769	2564	2312.16	0	0
NM_001080543	3624	3372.16	0	0
NM_021231	2676	2424.16	0	0
NR_038865	1913	1661.16	0	0
NM_033520	461	209.162	0	0
NM_198532	2570	2318.16	0	0
NM_001136482	1089	837.162	0	0
NM_152266	1138	886.162	0	0
NM_024104	1373	1121.16	0	0
NM_024038	910	658.162	0	0
NM_032207	3346	3094.16	0	0
NM_198534	1679	1427.16	0	0
NM_001039876	1541	1289.16	0	0
NM_001256440	2104	1852.16	0	0
NM_001256441	2099	1847.16	0	0
NM_178830	2125	1873.16	0	0
NR_046202	2152	1900.16	0	0
NM_199249	1667	1415.16	0	0
NM_199250	1504	1252.16	0	0
NM_001256714	2302	2050.16	0	0
NM_001256715	2231	1979.16	0	0
NM_001256716	2318	2066.16	0	0
NM_178837	2242	1990.16	0	0
NM_138358	1396	1144.16	0	0
NM_014047	909	657.162	0	0
NM_198476	2753	2501.16	0	0
NM_001039887	2146	1894.16	0	0
NM_024323	2420	2168.16	0	0
NM_174918	1308	1056.16	0	0
NM_001033026	2708	2456.16	0	0
NM_033420	2608	2356.16	0	0
NM_001100418	880	628.162	0	0
NM_001100419	814	562.162	0	0
NM_175063	2034	1782.16	0	0
NM_206538	1947	1695.16	0	0
NM_018381	2124	1872.16	0	0
NM_001130514	946	694.162	0	0
NM_205767	900	648.162	0	0
NM_001135580	671	419.162	0	0
NM_018111	744	492.162	0	0
NM_173635	1706	1454.16	0	0
NM_001101340	2112	1860.16	0	0
NM_001136503	908	656.162	50	3391.25
NM_001171155	339	87.4554	0	0
NR_033242	429	177.266	0	0
NM_018687	872	620.162	0	0
NM_001195076	765	513.162	0	0
NM_001136263	3124	2872.16	0	0
NM_000064	5101	4849.16	0	0
NR_027300	3763	3511.16	0	0
NM_001736	2341	2089.16	0	0
NM_001217	1653	1401.16	0	0
NM_019855	1828	1576.16	1	28.2358
NM_000068	8636	8384.16	0	0
NM_001127221	8626	8374.16	0	0
NM_001127222	8628	8376.16	0	0
NM_001174080	8627	8375.16	0	0
NM_023035	8641	8389.16	0	0
NM_031897	1637	1385.16	0	0
NM_145814	1850	1598.16	0	0
NM_145815	1712	1460.16	0	0
NM_031896	2345	2093.16	0	0
NM_031895	8751	8499.16	0	0
NM_145296	2176	1924.16	0	0
NM_005184	2259	2007.16	0	0
NM_004343	1911	1659.16	0	0
NM_145046	1292	1040.16	0	0
NM_001080429	4185	3933.16	0	0
NM_020902	4104	3852.16	0	0
NM_144691	3129	2877.16	0	0
NM_001003962	1475	1223.16	1.67207	60.8376
NM_001749	1478	1226.16	0.327929	11.9024
NM_004058	1609	1357.16	0	0
NM_080590	1528	1276.16	0	0
NM_001184900	5281	5029.16	0	0
NM_001184901	5228	4976.16	0	0
NM_001184902	5502	5250.16	0	0
NM_001184903	5236	4984.16	0	0
NM_001184904	626	374.162	0	0
NM_014959	5339	5087.16	0	0
NR_033678	5198	4946.16	0	0
NR_033679	5240	4988.16	0	0
NR_033680	5056	4804.16	0	0
NM_199141	2968	2716.16	0	0
NM_012114	3144	2892.16	0	0
NM_152784	2513	2261.16	0	0
NM_021185	3724	3472.16	0	0
NM_001130852	1453	1201.16	0	0
NM_012116	1591	1339.16	0	0
NM_017721	3640	3388.16	0	0
NM_173482	1751	1499.16	0	0
NM_013301	1992	1740.16	0	0
NM_144577	3220	2968.16	0	0
NM_001136203	987	735.162	0	0
NM_138442	1049	797.162	0	0
NM_030818	1632	1380.16	0	0
NM_145045	2162	1910.16	0	0
NM_144688	2383	2131.16	0	0
NM_001080503	1063	811.162	0	0
NM_001080402	1825	1573.16	0	0
NM_032040	3334	3082.16	0	0
NM_015603	2078	1826.16	0	0
NM_018074	1397	1145.16	0	0
NM_052848	3322	3070.16	0	0
NM_001201359	999	747.162	0	0
NM_005624	1002	750.162	0	0
NM_001238	1947	1695.16	0	0
NM_020406	2364	2112.16	0	0
NM_001144893	3918	3666.16	2.0708e-06	2.51379e-05
NM_001144894	4194	3942.16	0	0
NM_001144895	4050	3798.16	0	0
NM_001144896	4254	4002.16	0	0
NM_001144897	4308	4056.16	0	0
NM_001144899	3843	3591.16	1.93025	23.9211
NM_021155	4326	4074.16	0	0
NR_026692	4426	4174.16	0	0
NM_001185099	3028	2776.16	0	0
NM_001185100	3173	2921.16	0	0
NM_001185101	2761	2509.16	0	0
NM_001771	3292	3040.16	0	0
NM_001165895	1125	873.162	0	0
NM_016579	1251	999.162	0	0
NM_001082618	1085	833.162	0	0
NM_001177608	1108	856.162	0	0
NM_001772	1466	1214.16	0	0
NM_001040031	1209	957.162	0	0
NM_001774	1243	991.162	0	0
NM_012099	3286	3034.16	5.57404	81.7584
NM_001252	913	661.162	0	0
NM_001783	1258	1006.16	0	0
NM_021601	1144	892.162	0	0
NM_001025160	3345	3093.16	0	0
NM_001784	3213	2961.16	0	0
NM_078481	3492	3240.16	0	0
NM_004359	1445	1193.16	0	0
NM_007065	1671	1419.16	0	0
NM_145057	875	623.162	0	0
NM_001800	1399	1147.16	0	0
NM_079421	1145	893.162	0	0
NM_001024912	3466	3214.16	0	0
NM_001184813	3231	2979.16	0	0
NM_001184815	3324	3072.16	0	0
NM_001184816	3178	2926.16	0	0
NM_001205344	3461	3209.16	0	0
NM_001712	3519	3267.16	0	0
NM_001039213	1692	1440.16	0	0
NM_001080405	1197	945.162	0	0
NM_001127893	2245	1993.16	0	0
NM_020219	2248	1996.16	0	0
NM_001102597	1809	1557.16	0	0
NM_001102598	1494	1242.16	0	0
NM_001102599	1530	1278.16	0	0
NM_001102600	1773	1521.16	0	0
NM_001098506	1359	1107.16	0	0
NM_033543	1356	1104.16	0	0
NR_027754	3016	2764.16	9.96605	160.458
NM_001815	1151	899.162	0	0
NM_001817	1205	953.162	0	0
NM_004363	3600	3348.16	0	0
NM_002483	2631	2379.16	0	0
NM_006890	2289	2037.16	0	0
NM_001816	2303	2051.16	3.40745	73.9318
NM_004364	2591	2339.16	0	0
NM_001252296	3633	3381.16	0	0
NM_001806	3770	3518.16	0	0
NM_001172673	5007	4755.16	0	0
NM_021938	1853	1601.16	0	0
NR_033342	1650	1398.16	0	0
NM_032816	2605	2353.16	0	0
NM_021267	2558	2306.16	0	0
NM_198207	2103	1851.16	0	0
NM_024552	1816	1564.16	0	0
NM_001928	1159	907.162	0	0
NM_000737	919	667.162	0	0
NM_033377	732	480.162	0	0
NM_033378	732	480.162	0	0
NM_033043	880	628.162	0	0
NM_033142	880	628.162	0	0
NM_033183	887	635.162	0	0
NM_005483	3343	3091.16	0	0
NM_006387	4095	3843.16	0	0
NM_014453	908	656.162	0	0
NM_198426	900	648.162	0	0
NM_001127895	2226	1974.16	0	0
NM_001127896	2137	1885.16	0	0
NM_022467	2479	2227.16	0	0
NM_054113	661	409.162	0	0
NM_015125	5473	5221.16	0	0
NM_153221	4199	3947.16	0	0
NM_001280	1397	1145.16	5	194.314
NR_023312	3263	3011.16	0	0
NR_023313	3095	2843.16	0	0
NR_027271	1356	1104.16	0	0
NM_001824	1656	1404.16	0	0
NM_007056	2234	1982.16	0	0
NM_001828	633	381.162	0	0
NM_152353	974	722.162	0	0
NM_002975	1407	1155.16	0	0
NM_001204118	2162	1910.16	0	0
NM_207390	2052	1800.16	0	0
NM_001244856	1324	1072.16	0	0
NM_198492	1360	1108.16	0	0
NR_002931	1935	1683.16	1.50514	39.7972
NM_001144904	1782	1530.16	0	0
NM_001144905	1863	1611.16	0	0
NM_001144906	1527	1275.16	0	0
NM_001144907	1734	1482.16	0	0
NM_001144908	1546	1294.16	0	0
NM_001144909	1797	1545.16	0	0
NM_001144910	1866	1614.16	0	0
NM_001144911	1738	1486.16	0	0
NM_014257	1935	1683.16	0	0
NR_026707	2383	2131.16	0	0
NR_026708	2270	2018.16	0	0
NR_026709	2207	1955.16	0	0
NM_001199570	3456	3204.16	0	0
NM_015526	3372	3120.16	0	0
NM_006012	1151	899.162	0	0
NM_001294	2513	2261.16	0	0
NR_040006	2480	2228.16	0	0
NR_040007	2504	2252.16	0	0
NM_032488	528	276.162	0	0
NM_001299	1586	1334.16	0	0
NM_004368	2458	2206.16	0	0
NM_201277	2341	2089.16	1	21.3024
NM_014516	2887	2635.16	0	0
NM_024877	1817	1565.16	0	0
NM_015719	6174	5922.16	0	0
NM_000095	2452	2200.16	0	0
NM_007263	1134	882.162	0	0
NM_199442	981	729.162	0	0
NM_199444	978	726.162	0	0
NM_001863	590	338.162	0	0
NM_144613	1663	1411.16	6.51148	205.354
NM_001864	762	510.162	0	0
NM_015692	5988	5736.16	0	0
NM_001136052	2821	2569.16	0	0
NM_001199752	2918	2666.16	0	0
NM_001199753	2854	2602.16	0	0
NM_152359	2785	2533.16	0	0
NM_139161	1106	854.162	0	0
NM_174881	765	513.162	0	0
NM_032607	2584	2332.16	0	0
NM_004750	1804	1552.16	0	0
NM_001098482	6992	6740.16	0	0
NM_015321	6944	6692.16	0	0
NM_000554	4466	4214.16	0	0
NM_001319	2904	2652.16	2	33.5607
NR_033400	1313	1061.16	0	0
NM_145232	2107	1855.16	0	0
NM_206833	1263	1011.16	0	0
NM_198477	853	601.162	0	0
NM_000766	1760	1508.16	0	0
NM_000762	1764	1512.16	0	0
NM_000764	2281	2029.16	0	0
NM_030589	2128	1876.16	0	0
NM_000767	3052	2800.16	0	0
NR_001278	2910	2658.16	1	16.7425
NM_000774	1826	1574.16	0	0
NR_040249	2511	2259.16	0	0
NM_030622	2621	2369.16	0	0
NM_001128932	2973	2721.16	0	0
NM_021187	3395	3143.16	0	0
NM_023944	1783	1531.16	0	0
NM_001082	2360	2108.16	0	0
NM_173483	2609	2357.16	0	0
NR_033864	2470	2218.16	0	0
NM_000896	2988	2736.16	0	0
NM_001199208	2988	2736.16	0	0
NM_001199209	2972	2720.16	0	0
NM_007253	1905	1653.16	0	0
NM_004228	4604	4352.16	0	0
NM_017457	4607	4355.16	0	0
NM_145056	2834	2582.16	0	0
NM_152654	1732	1480.16	5	150.336
NM_001348	2105	1853.16	0	0
NM_018959	2184	1932.16	0	0
NM_170711	2273	2021.16	0	0
NM_001352	1643	1391.16	0	0
NM_138353	2258	2006.16	0	0
NM_024050	4077	3825.16	2.79967	32.5731
NM_005804	1540	1288.16	0	0
NR_038336	1633	1381.16	0	0
NR_046366	1430	1178.16	0	0
NM_019070	1836	1584.16	0	0
NR_033677	1765	1513.16	0	0
NM_133328	1887	1635.16	0	0
NM_024898	2795	2543.16	0	0
NM_014475	1081	829.162	0	0
NM_001206974	1203	951.162	0	0
NM_001930	1352	1100.16	0	0
NM_013406	1211	959.162	0	0
NR_038192	1248	996.162	0	0
NM_014681	4372	4120.16	0	0
NM_145173	3398	3146.16	0	0
NR_027003	1634	1382.16	0	0
NR_026894	529	277.162	0	0
NM_001197301	938	686.162	0	0
NM_001197302	992	740.162	0	0
NM_014419	1031	779.162	0	0
NM_016941	2383	2131.16	0	0
NM_203486	2046	1794.16	0	0
NM_001035516	603	351.162	0	0
NM_001126056	1903	1651.16	0	0
NM_001126057	1497	1245.16	0	0
NM_001126058	1461	1209.16	0	0
NM_001126059	954	702.162	0	0
NM_001190347	1855	1603.16	0	0
NM_001190348	1611	1359.16	0	0
NM_001190349	1410	1158.16	0	0
NM_033317	1936	1684.16	0	0
NR_033746	1044	792.162	0	0
NM_001081560	2850	2598.16	0	0
NM_001081562	2846	2594.16	0	0
NM_001081563	3234	2982.16	0	0
NM_004409	2865	2613.16	0	0
NM_001040283	1820	1568.16	0	0
NM_004943	3308	3056.16	0	0
NM_006145	2233	1981.16	0	0
NM_001375	2008	1756.16	0	0
NM_001005360	3666	3414.16	0	0
NM_001005361	3666	3414.16	0	0
NM_001005362	3654	3402.16	0	0
NM_001190716	3663	3411.16	0	0
NM_004945	3654	3402.16	0	0
NM_001130823	5400	5148.16	0	0
NM_001379	5352	5100.16	0	0
NM_020812	6400	6148.16	0	0
NM_001145165	2032	1780.16	177.057	4426.44
NM_031304	1743	1491.16	579.943	17308.6
NM_032482	7436	7184.16	0	0
NM_001135155	2326	2074.16	0	0
NM_001135156	2303	2051.16	0	0
NM_004647	2224	1972.16	0	0
NM_139159	4269	4017.16	0	0
NM_001012728	648	396.162	0	0
NM_001172774	6002	5750.16	0	0
NM_207325	6028	5776.16	0	0
NM_001161619	1385	1133.16	0	0
NM_020175	2111	1859.16	0	0
NM_001012729	3346	3094.16	0	0
NM_004714	2535	2283.16	0	0
NM_006483	2415	2163.16	0	0
NM_006484	2451	2199.16	0	0
NM_005755	1137	885.162	0	0
NM_001398	1263	1011.16	0	0
NM_001142464	1549	1297.16	0	0
NM_001142465	1056	804.162	0	0
NM_001243204	1587	1335.16	0	0
NM_016581	1698	1446.16	0	0
NM_001961	3158	2906.16	0	0
NM_001405	2142	1890.16	1	23.5452
NM_053046	2245	1993.16	0	0
NM_080732	2155	1903.16	0	0
NM_014601	3584	3332.16	0	0
NM_153232	1392	1140.16	0	0
NM_152361	1865	1613.16	0	0
NM_003755	1127	875.162	0	0
NM_013234	879	627.162	0	0
NM_001972	924	672.162	0	0
NM_001419	6058	5806.16	0	0
NM_001420	4682	4430.16	0	0
NM_032281	4661	4409.16	0	0
NM_006532	4027	3775.16	0	0
NM_032377	1019	767.162	0	0
NM_022142	1059	807.162	0	0
NM_001193268	2889	2637.16	0	0
NM_001193269	2793	2541.16	0	0
NM_012155	2254	2002.16	0	0
NR_034098	1974	1722.16	0	0
NM_001425	829	577.162	0	0
NM_001256252	3088	2836.16	0	0
NM_001256253	2950	2698.16	0	0
NM_001256254	2722	2470.16	0	0
NM_001256255	2614	2362.16	0	0
NM_001974	3145	2893.16	0	0
NM_013447	6771	6519.16	0	0
NM_152916	6624	6372.16	0	0
NM_152917	6492	6240.16	3.91094e-07	2.78925e-06
NM_152918	6345	6093.16	2.99999	21.9118
NM_152919	6738	6486.16	0	0
NM_152920	6591	6339.16	0	0
NM_152921	6459	6207.16	1.32933e-05	9.53106e-05
NM_032571	2301	2049.16	0	0
NR_024075	2732	2480.16	0	0
NM_001142886	1771	1519.16	0	0
NM_024794	1810	1558.16	0	0
NM_001130071	2947	2695.16	0	0
NM_001130072	2484	2232.16	0	0
NM_013333	2406	2154.16	0	0
NM_000121	2441	2189.16	0	0
NR_033663	2691	2439.16	0	0
NM_021235	2774	2522.16	0	0
NM_017729	2202	1950.16	0	0
NM_133180	2585	2333.16	0	0
NM_001166049	3310	3058.16	1	14.5526
NM_001983	3382	3130.16	1.90236e-07	2.70475e-06
NM_202001	1274	1022.16	0	0
NM_000400	2568	2316.16	0	0
NM_001130867	1735	1483.16	0	0
NM_006494	2705	2453.16	0	0
NM_152473	2490	2238.16	4	79.5371
NM_001191055	2482	2230.16	0	0
NM_001014763	1301	1049.16	0	0
NM_001985	916	664.162	0	0
NM_014297	963	711.162	0	0
NM_014209	1487	1235.16	0	0
NM_001159944	3735	3483.16	0	0
NM_145245	3813	3561.16	0	0
NM_138568	1719	1467.16	0	0
NM_020158	993	741.162	0	0
NM_003950	2731	2479.16	4.31624	77.4822
NM_001130111	1563	1311.16	0	0
NM_031213	1716	1464.16	0	0
NM_138401	1193	941.162	0	0
NM_001098524	2222	1970.16	0	0
NM_173544	2508	2256.16	0	0
NR_026818_1	1130	878.162	0	0
NR_026820_1	1130	878.162	0	0
NM_152481	1179	927.162	0	0
NM_014077	1449	1197.16	0	0
NM_138411	1225	973.162	0	0
NM_001145402	3183	2931.16	0	0
NM_017708	2011	1759.16	0	0
NR_046365	496	244.162	0	0
NM_174905	1275	1023.16	0	0
NM_004461	1853	1601.16	0	0
NM_001436	1165	913.162	0	0
NM_032447	8967	8715.16	0	0
NM_017703	1852	1600.16	0	0
NM_024907	2215	1963.16	0	0
NM_148169	2175	1923.16	0	0
NM_178820	2322	2070.16	0	0
NM_001080469	2990	2738.16	0	0
NM_032301	1737	1485.16	0	0
NM_002000	1671	1419.16	0	0
NM_133269	1605	1353.16	0	0
NM_133271	1383	1131.16	0	0
NM_133272	1635	1383.16	0	0
NM_133273	1347	1095.16	0.655548	26.6396
NM_133274	1561	1309.16	0	0
NM_133277	1344	1092.16	4.06277	165.553
NM_133278	1569	1317.16	0	0
NM_133279	1624	1372.16	6	194.602
NM_001207019	1483	1231.16	0	0
NM_001220500	1619	1367.16	0	0
NM_002002	1615	1363.16	0	0
NM_003890	16390	16138.2	0	0
NM_001136019	1893	1641.16	0	0
NM_004107	1629	1377.16	0	0
NM_001161357	3225	2973.16	0	0
NM_001161358	3121	2869.16	0	0
NM_001161359	3051	2799.16	0	0
NM_015122	3215	2963.16	0	0
NM_001031734	842	590.162	0	0
NM_018708	3844	3592.16	0	0
NM_005303	923	671.162	0	0
NM_005306	2053	1801.16	0	0
NM_005304	1672	1420.16	0	0
NM_019113	885	633.162	0	0
NM_020637	513	261.162	0	0
NM_032836	2660	2408.16	0	0
NR_024162	1643	1391.16	0	0
NM_012181	1766	1514.16	0	0
NM_001039885	3474	3222.16	0	0
NM_024301	3422	3170.16	0	0
NM_001190467	4517	4265.16	0	0
NR_024335	1701	1449.16	0	0
NR_024336	1586	1334.16	0	0
NR_024372	1463	1211.16	0	0
NR_027257	1436	1184.16	0	0
NR_034159	1701	1449.16	1	30.7103
NR_028324	4874	4622.16	0	0
NM_001204502	1107	855.162	0	0
NM_001204503	1076	824.162	0	0
NM_001459	1056	804.162	0	0
NM_001114171	3668	3416.16	0	0
NM_006732	3776	3524.16	0	0
NM_004497	1989	1737.16	0	0
NM_001193306	1371	1119.16	0	0
NM_002029	1317	1065.16	0	0
NM_001005738	1913	1661.16	0	0
NM_001462	2011	1759.16	0	0
NM_002030	2517	2265.16	0	0
NM_024333	1847	1595.16	0	0
NM_005860	2511	2259.16	0	0
NM_000146	871	619.162	0	0
NM_000148	4246	3994.16	0	0
NM_000511	3099	2847.16	0.232041	3.62705
NM_001097638	3089	2837.16	2.40832	37.7774
NM_000149	2590	2338.16	0	0
NM_001097639	2242	1990.16	0	0
NM_001097640	2188	1936.16	0	0
NM_001097641	2049	1797.16	0	0
NM_002034	1988	1736.16	0	0
NM_000150	3137	2885.16	0	0
NM_001040701	3009	2757.16	0	0
NM_001171937	1637	1385.16	0	0
NM_025129	1745	1493.16	0	0
NR_033269	1660	1408.16	0	0
NM_005031	547	295.162	0	0
NM_021902	513	261.162	0	0
NM_001136007	1579	1327.16	0	0
NM_001136008	778	526.162	0	0
NM_001136009	843	591.162	0	0
NM_001136010	759	507.162	0	0
NM_001136011	1457	1205.16	0	0
NM_001136012	1451	1199.16	0	0
NM_005971	1373	1121.16	0	0
NM_021910	1535	1283.16	0	0
NM_001164605	898	646.162	0	0
NM_014164	895	643.162	0	0
NM_144779	908	656.162	0	0
NR_028406	1589	1337.16	0	0
NM_022006	713	461.162	0	0
NM_001136197	3170	2918.16	0	0
NM_001136198	3446	3194.16	0	0
NM_016263	3615	3363.16	0	0
NM_015675	1375	1123.16	0	0
NM_052850	743	491.162	0	0
NM_001145546	889	637.162	0	0
NM_033106	938	686.162	0	0
NM_000156	1138	886.162	0	0
NM_138924	1769	1517.16	4	117.335
NM_014364	1492	1240.16	0	0
NM_017660	5672	5420.16	0	0
NM_000159	1822	1570.16	0	0
NM_013976	1590	1338.16	0	0
NM_001492	2558	2306.16	0	0
NM_004864	1200	948.162	0	0
NM_001007269	1524	1272.16	0	0
NM_001007270	1561	1309.16	0	0
NM_024707	1647	1395.16	0	0
NM_152657	2154	1902.16	0	0
NM_005716	1929	1677.16	0	0
NM_202467	1611	1359.16	0	0
NM_202468	1873	1621.16	0	0
NM_202469	1555	1303.16	0	0
NM_202470	1785	1533.16	0	0
NM_202494	1467	1215.16	0	0
NM_133261	4317	4065.16	0	0
NM_000164	2024	1772.16	0	0
NM_024656	3593	3341.16	0	0
NM_015711	5739	5487.16	0	0
NM_015710	1522	1270.16	0	0
NM_004877	657	405.162	0	0
NM_016573	3517	3265.16	0	0
NM_002067	1599	1347.16	1230	40633.7
NM_002068	2132	1880.16	339	8024.27
NM_052847	4246	3994.16	4.00278	44.6003
NM_033258	213	73.2278	0	0
NM_001083899	2266	2014.16	0	0
NM_001256017	2208	1956.16	0	0
NM_016363	2262	2010.16	0	0
NM_018025	3362	3110.16	0	0
NM_000175	4194	3942.16	1.60198	18.0852
NM_001184722	4257	4005.16	4.22396e-05	0.000469355
NM_001080452	2076	1824.16	0	0
NM_001506	1071	819.162	0	0
NM_005282	3047	2795.16	0	0
NM_018485	1287	1035.16	0	0
NM_001039847	939	687.162	0	0
NM_001039848	1006	754.162	0	0
NM_002085	917	665.162	0	0
NM_001136199	2607	2355.16	0	0
NM_020895	2640	2388.16	0	0
NM_002088	3528	3276.16	0	0
NM_000836	5093	4841.16	0	0
NM_138690	3254	3002.16	0	0
NM_031485	2456	2204.16	0	0
NM_019884	2179	1927.16	0	0
NM_002096	2551	2299.16	1	19.3567
NM_001128855	2539	2287.16	0	0
NM_001195422	2595	2343.16	0	0
NM_032620	2602	2350.16	0	0
NM_133644	2698	2446.16	0	0
NM_001161587	3426	3174.16	0	0
NM_002103	3618	3366.16	0	0
NR_027763	3436	3184.16	0	0
NM_005317	947	695.162	0	0
NM_021175	426	174.266	0	0
NM_023002	3438	3186.16	0	0
NM_001523	2087	1835.16	0	0
NM_015302	4309	4057.16	0	0
NM_001011699	1453	1201.16	0	0
NM_033417	1456	1204.16	0	0
NM_001194	3408	3156.16	0	0
NM_001007469	504	252.162	0	0
NM_014266	507	255.162	0	0
NM_001001520	2309	2057.16	0	0
NM_032631	2306	2054.16	0	0
NM_022462	5788	5536.16	2.50153	20.1093
NM_152794	5884	5632.16	2.71071e-05	0.000214195
NM_152795	5852	5600.16	0.00119856	0.00952486
NM_152796	1761	1509.16	0	0
NM_144685	2452	2200.16	0	0
NM_181786	2929	2677.16	0	0
NM_006339	1584	1332.16	0	0
NM_012292	4264	4012.16	1	11.0923
NM_001005335	1881	1629.16	0	0
NM_001533	2115	1863.16	0	0
NM_005968	2537	2285.16	0	0
NM_031203	2420	2168.16	1	20.5263
NM_007040	4201	3949.16	0	0
NM_144732	3714	3462.16	0	0
NM_001145721	1418	1166.16	0	0
NM_001145722	1849	1597.16	0	0
NM_001145724	1287	1035.16	0	0
NM_004838	1577	1325.16	0	0
NR_027297	1981	1729.16	1	25.7375
NM_001100176	2604	2352.16	0	0
NM_013312	2610	2358.16	0	0
NM_002151	1785	1533.16	0	0
NM_182983	2365	2113.16	0	0
NM_002152	2384	2132.16	0	0
NM_198533	1525	1273.16	0	0
NM_198704	1362	1110.16	0	0
NM_198705	1457	1205.16	0	0
NM_198706	1660	1408.16	0	0
NM_198707	1620	1368.16	0	0
NM_198708	1548	1296.16	0	0
NM_016246	1237	985.162	0	0
NM_032855	2362	2110.16	1.66323	35.0782
NM_144617	1460	1208.16	0	0
NM_001130106	1799	1547.16	0	0
NM_012267	1908	1656.16	0	0
NM_000201	3246	2994.16	2	29.7273
NM_002162	1780	1528.16	0	0
NM_001039132	1265	1013.16	0	0
NM_001544	1342	1090.16	0	0
NM_022377	1489	1237.16	0	0
NM_003259	3002	2750.16	0	0
NM_004907	2046	1794.16	0	0
NM_006332	1032	780.162	0	0
NM_198541	769	517.162	0	0
NM_001002915	900	648.162	0	0
NM_001135113	612	360.162	0	0
NM_207393	662	410.162	0	0
NM_001002923	573	321.162	0	0
NM_024660	1196	944.162	0	0
NM_001101372	3100	2848.16	0	0
NM_001205280	989	737.162	0	0
NM_000641	2354	2102.16	10.774	228.092
NM_005535	2100	1848.16	0	0
NM_153701	1857	1605.16	4.31136	119.536
NM_004843	3258	3006.16	0	0
NM_172138	734	482.162	0	0
NM_172139	595	343.162	0	0
NM_172140	856	604.162	0	0
NM_152899	1795	1543.16	0	0
NM_172374	2312	2060.16	0	0
NM_001137673	3740	3488.16	0	0
NM_004516	3728	3476.16	0	0
NM_012218	6109	5857.16	0	0
NM_017620	6121	5869.16	0	0
NM_153464	3285	3033.16	0	0
NM_006844	2298	2046.16	0	0
NM_005543	742	490.162	0	0
NM_000208	9059	8807.16	0	0
NM_001079817	9023	8771.16	0	0
NM_015649	2511	2259.16	0	0
NM_001197122	1632	1380.16	0	0
NM_001197123	1674	1422.16	0	0
NM_001197124	1235	983.162	0	0
NM_001197125	1443	1191.16	0	0
NM_001197126	1271	1019.16	0	0
NM_001197127	1062	810.162	0	0
NM_001197128	890	638.162	0	0
NM_001571	1616	1364.16	0	0
NR_045568	1763	1511.16	0	0
NM_019612	1606	1354.16	0	0
NM_001007561	9687	9435.16	0	0
NM_001136201	1121	869.162	0	0
NM_001136202	911	659.162	0	0
NM_024710	1169	917.162	0	0
NM_001170938	2258	2006.16	0	0
NM_001253389	2124	1872.16	0	0
NM_016368	2420	2168.16	0	0
NR_045573	2226	1974.16	0	0
NR_045574	2090	1838.16	0	0
NM_170678	1126	874.162	0	0
NM_025194	3385	3133.16	0	0
NM_182575	1621	1369.16	0	0
NM_152358	814	562.162	0	0
NM_001031735	961	709.162	0	0
NM_001039846	1015	763.162	0	0
NM_000215	5434	5182.16	1.8566	15.9444
NM_138334	769	517.162	0	0
NM_144616	1145	893.162	0	0
NM_002229	1816	1564.16	0	0
NM_005354	1870	1618.16	0	0
NM_001136191	5208	4956.16	0	0
NM_015493	4950	4698.16	0	0
NM_198471	2787	2535.16	0	0
NM_031886	4372	4120.16	2	21.6031
NM_004977	3176	2924.16	0	0
NM_013348	3049	2797.16	0	0
NM_170720	3120	2868.16	0	0
NM_004823	2655	2403.16	0	0
NM_002248	2657	2405.16	0	0
NM_002250	2240	1988.16	0	0
NM_001129994	3933	3681.16	0	0
NM_001129995	3930	3678.16	0	0
NM_024076	4932	4680.16	0	0
NM_006801	1557	1305.16	0	0
NM_015015	5603	5351.16	0	0
NM_012289	2563	2311.16	0	0
NM_203500	2592	2340.16	0	0
NM_003685	3250	2998.16	0	0
NM_014686	6683	6431.16	0	0
NM_001145304	4404	4152.16	0	0
NM_001145305	3882	3630.16	0	0
NM_025249	3843	3591.16	0	0
NM_014218	1598	1346.16	0	0
NM_015868	1596	1344.16	0	0
NM_001080770	1475	1223.16	0	0
NM_001080772	1579	1327.16	0	0
NM_002255	1579	1327.16	0	0
NM_012314	1564	1312.16	0	0
NM_013289	1901	1649.16	0	0
NM_001242867	1834	1582.16	0	0
NM_006737	1885	1633.16	0	0
NM_153443	1691	1439.16	0	0
NR_026716	1731	1479.16	0	0
NM_032123	2724	2472.16	0	0
NM_199179	2574	2322.16	0	0
NM_199180	2993	2741.16	0	0
NM_032551	1625	1373.16	0	0
NM_177417	1793	1541.16	0	0
NM_006563	1614	1362.16	0	0
NM_031918	2887	2635.16	1	16.8886
NM_016270	1649	1397.16	0	0
NM_018316	3122	2870.16	0	0
NM_002257	874	622.162	0	0
NM_001077500	3007	2755.16	0	0
NM_002776	3106	2854.16	0	0
NM_145888	2968	2716.16	0	0
NM_001136032	1181	929.162	0	0
NM_001167605	1268	1016.16	0	0
NM_006853	1193	941.162	0	0
NM_144947	1275	1023.16	0	0
NM_019598	945	693.162	0	0
NM_145894	1074	822.162	0	0
NM_145895	814	562.162	0	0
NM_015596	1258	1006.16	0	0
NM_022046	1133	881.162	0	0
NM_017509	1309	1057.16	0	0
NM_138563	1172	920.162	0	0
NM_138564	1054	802.162	0	0
NM_001002231	2872	2620.16	0	0
NM_001256080	2675	2423.16	0	0
NM_005551	2835	2583.16	0	0
NR_045762	2859	2607.16	0	0
NR_045763	2921	2669.16	0	0
NM_001030047	1906	1654.16	0	0
NM_001030048	1335	1083.16	0	0
NM_001030050	555	303.162	0	0
NM_001648	1464	1212.16	0	0
NM_004917	1347	1095.16	0	0
NM_001077491	1428	1176.16	0	0
NM_001077492	1360	1108.16	0	0
NM_012427	1563	1311.16	0	0
NM_001012964	1526	1274.16	0	0
NM_001012965	1479	1227.16	0	0
NM_002774	1511	1259.16	0	0
NM_001207053	1960	1708.16	0	0
NM_001243126	1943	1691.16	0	0
NM_005046	2091	1839.16	0	0
NM_139277	1921	1669.16	0	0
NM_007196	1013	761.162	0	0
NM_144505	1148	896.162	0	0
NM_144506	590	338.162	0	0
NM_144507	456	204.162	0	0
NM_012315	1438	1186.16	0	0
NR_002948	1125	873.162	0	0
NM_007059	1688	1436.16	0	0
NM_023008	3005	2753.16	0	0
NM_001244847	451	199.266	0	0
NM_207392	493	241.162	0	0
NM_001171948	1592	1340.16	0	0
NM_001171949	1496	1244.16	0	0
NM_024069	1461	1209.16	0	0
NM_002287	2816	2564.16	5.40347e-06	9.3784e-05
NM_021706	2765	2513.16	3.42596	60.6684
NM_002288	702	450.162	0	0
NM_021270	651	399.162	0	0
NM_000527	5283	5031.16	0	0
NM_001195798	5277	5025.16	0	0
NM_001195799	5160	4908.16	0	0
NM_001195800	4779	4527.16	0	0
NM_001195802	4920	4668.16	0	0
NM_001195803	4749	4497.16	0	0
NM_024316	888	636.162	0	0
NM_052925	3970	3718.16	0	0
NM_198988	1916	1664.16	0	0
NM_001143832	672	420.162	0	0
NM_013268	595	343.162	0	0
NM_020129	778	526.162	0	0
NM_203471	1083	831.162	0	0
NM_001190441	600	348.162	0	0
NR_034156	1130	878.162	0	0
NM_006149	1279	1027.16	0	0
NM_002307	494	242.162	0	0
NM_001042507	489	237.162	0	0
NM_139284	2888	2636.16	0	0
NM_000894	523	271.162	0	0
NM_000234	3083	2831.16	0	0
NM_006863	1910	1658.16	0	0
NM_001130917	1755	1503.16	0	0
NM_006866	1704	1452.16	0	0
NM_001172654	1367	1115.16	0	0
NM_006865	1603	1351.16	0	0
NM_012276	1708	1456.16	0	0
NM_021250	1365	1113.16	0	0
NM_181879	1081	829.162	0	0
NM_181985	1329	1077.16	2	82.6324
NM_181986	1045	793.162	0	0
NM_024318	3930	3678.16	0	0
NM_001081637	2799	2547.16	1.08283	18.9194
NM_001081638	2856	2604.16	4.39502e-07	7.51093e-06
NM_001081639	2856	2604.16	4.39502e-07	7.51093e-06
NM_006669	2968	2716.16	0	0
NM_001080978	2922	2670.16	0	0
NM_005874	2925	2673.16	0	0
NM_001081450	2825	2573.16	0	0
NM_006864	2822	2570.16	0	0
NM_001081438	2082	1830.16	0	0
NM_006847	2085	1833.16	0	0
NM_001081442	2267	2015.16	0	0
NM_001081443	1967	1715.16	0	0
NM_006840	2264	2012.16	0	0
NR_003061	5287	5035.16	0	0
NM_001161748	858	606.162	0	0
NM_030657	984	732.162	0	0
NM_019104	1150	898.162	0	0
NM_022165	755	503.162	0	0
NR_024330	1964	1712.16	0	0
NM_001101391	2130	1878.16	0	0
NM_005357	3806	3554.16	0	0
NM_032737	4635	4383.16	0	0
NM_001080434	4972	4720.16	0	0
NR_003603	1255	1003.16	0	0
NR_036521	1782	1530.16	0	0
NR_036522	1427	1175.16	0	0
NR_036508	1897	1645.16	0	0
NR_046376	639	387.162	0	0
NR_024491	525	273.162	0	0
NR_024561	3681	3429.16	1.65594	21.4911
NR_024562	1124	872.162	0	0
NR_040046	3312	3060.16	4.19311	60.9808
NM_001256795	729	477.162	0	0
NR_033235	729	477.162	0	0
NR_026870	1831	1579.16	5	140.911
NM_001242901	3071	2819.16	0	0
NR_027334	2606	2354.16	2.87947	54.4349
NR_029389	597	345.162	0	0
NM_001242348	924	672.162	0	0
NR_034114	1698	1446.16	0	0
NR_036584	1873	1621.16	0	0
NR_033341	3361	3109.16	0	0
NR_040109	3472	3220.16	1	13.8205
NR_038332	685	433.162	0	0
NR_038452	656	404.162	0	0
NR_038334	2191	1939.16	0	0
NR_040599	1963	1711.16	0	0
NR_040036	1948	1696.16	0	0
NM_001205281	1241	989.162	0	0
NR_040037	2148	1896.16	0	0
NR_040041	1304	1052.16	0	0
NR_040042	505	253.162	0	0
NR_038396	1627	1375.16	0	0
NR_038278	1749	1497.16	2	59.4515
NR_038279	984	732.162	0	0
NM_001195256	1557	1305.16	0	0
NR_045214	2887	2635.16	0	0
NR_038247	2774	2522.16	0	0
NR_038248	2685	2433.16	0	0
NR_038249	2510	2258.16	0	0
NR_038250	2451	2199.16	0	0
NR_038237	1022	770.162	0	0
NM_001195259	1256	1004.16	0	0
NR_040015	1715	1463.16	0	0
NR_046222	471	219.162	0	0
NR_024282	1300	1048.16	0	0
NR_026828	3342	3090.16	0	0
NM_001193623	1318	1066.16	0	0
NM_001193628	2542	2290.16	0	0
NR_024333	2011	1759.16	6.22067	157.374
NR_003148	2932	2680.16	0	0
NR_027318	3444	3192.16	0	0
NR_027301	2051	1799.16	0	0
NR_033888	1721	1469.16	0	0
NR_002938	1225	973.162	5.02188	229.658
NM_001242812	1834	1582.16	0	0
NR_040029	2582	2330.16	1	19.0992
NR_040027	1054	802.162	0	0
NR_040028	860	608.162	0	0
NR_029390	2344	2092.16	0	0
NR_026956	2371	2119.16	1	21.0009
NR_036515	1774	1522.16	3	87.7126
NR_037159	1665	1413.16	0	0
NR_037160	1673	1421.16	0	0
NR_037161	1318	1066.16	0	0
NR_033250	1601	1349.16	0	0
NR_038267	1170	918.162	0	0
NM_001193621	915	663.162	0	0
NM_001193622	575	323.162	0	0
NR_037194	3760	3508.16	0	0
NR_046201	951	699.162	0	0
NR_033982	2080	1828.16	0	0
NR_033899	2033	1781.16	0	0
NR_024523	2694	2442.16	0	0
NM_001243212	1057	805.162	0	0
NR_033748	1724	1472.16	0	0
NR_040013	1058	806.162	0	0
NM_001195187	1380	1128.16	0	0
NM_001195135	990	738.162	0	0
NR_036504	1414	1162.16	0	0
NR_036575	687	435.162	0	0
NR_026887	2201	1949.16	0	0
NM_004793	3111	2859.16	0	0
NM_004720	1794	1542.16	0	0
NM_001008701	7857	7605.16	0	0
NM_014921	7842	7590.16	0	0
NM_001170635	2668	2416.16	0	0
NM_022737	2727	2475.16	0	0
NM_024888	2357	2105.16	0	0
NM_020862	3132	2880.16	0	0
NM_024509	2515	2263.16	0	0
NM_052972	1780	1528.16	0	0
NM_002333	3698	3446.16	0	0
NM_145256	2403	2151.16	0	0
NM_001080457	2957	2705.16	0	0
NM_025061	3602	3350.16	0	0
NM_001114093	3772	3520.16	0	0
NM_015578	3715	3463.16	0	0
NM_001252129	1783	1531.16	0	0
NM_012321	1825	1573.16	0	0
NM_016199	520	268.162	0	0
NM_015925	2221	1969.16	0	0
NM_205834	2278	2026.16	0	0
NM_205835	2074	1822.16	0	0
NM_001042544	5144	4892.16	0	0
NM_001042545	4960	4708.16	0	0
NM_003573	5033	4781.16	0	0
NM_005583	1788	1536.16	0	0
NM_014400	1706	1454.16	0	0
NM_173506	1792	1540.16	0	0
NM_001031749	2501	2249.16	0	0
NM_182573	2473	2221.16	0	0
NM_130760	1537	1285.16	0	0
NM_130762	1276	1024.16	0	0
NM_001199216	2418	2166.16	0	0
NM_002361	2431	2179.16	0	0
NM_080600	2476	2224.16	0	0
NM_001130915	1579	1327.16	0	0
NM_182574	1823	1571.16	0	0
NM_000528	3224	2972.16	0	0
NM_001173498	3221	2969.16	0	0
NM_018174	3276	3024.16	0	0
NM_030662	1733	1481.16	0	0
NM_145185	3372	3120.16	0	0
NM_002446	3436	3184.16	0	0
NM_001042600	2681	2429.16	0	0
NM_007181	2779	2527.16	0	0
NM_001005415	1380	1128.16	0	0
NM_001005416	1170	918.162	0	0
NM_016496	1651	1399.16	2	63.6156
NM_001199867	5163	4911.16	0	0
NM_031417	5243	4991.16	0	0
NM_014975	4923	4671.16	0	0
NM_015016	5893	5641.16	0	0
NM_002378	2079	1827.16	0	0
NM_139354	1915	1663.16	0	0
NM_139355	2138	1886.16	0	0
NM_015329	4853	4601.16	7	67.7067
NM_003926	2559	2307.16	0	0
NM_145208	748	496.162	0	0
NM_144614	774	522.162	0	0
NM_001164425	773	521.162	0	0
NM_001164419	773	521.162	0	0
NM_001136507	773	521.162	0	0
NM_001146056	2393	2141.16	0	0
NM_001146082	2021	1769.16	0	0
NM_001146083	2472	2220.16	0	0
NM_024298	2599	2347.16	0	0
NM_020533	2098	1846.16	0	0
NM_005481	2924	2672.16	0	0
NM_030973	2343	2091.16	0	0
NM_004831	3184	2932.16	0	0
NM_017592	3567	3315.16	0	0
NM_001145785	1451	1199.16	0	0
NM_001145783	1497	1245.16	0	0
NM_001145784	1433	1181.16	0	0
NM_005919	1952	1700.16	0	0
NR_027307	2242	1990.16	0	0
NR_027308	2130	1878.16	0	0
NM_001410	10966	10714.2	1.04943	4.35908
NM_001009813	1971	1719.16	0	0
NM_020160	2158	1906.16	0	0
NM_001174118	2663	2411.16	0	0
NM_203304	2850	2598.16	0	0
NM_001042680	2082	1830.16	0	0
NM_021731	2284	2032.16	0	0
NM_174983	2124	1872.16	0	0
NR_026052	3341	3089.16	0	0
NR_038359	936	684.162	0	0
NM_001202553	510	258.162	0	0
NM_006533	635	383.162	0	0
NR_037775	1394	1142.16	0	0
NM_177401	3793	3541.16	0	0
NM_017550	2762	2510.16	0	0
NR_024059	1288	1036.16	0	0
NR_031592	81	27.12	0	0
NR_031596	88	29.5254	0	0
NR_031603	83	27.5283	0	0
NR_029693	86	29.0536	0	0
NR_036053	83	27.5283	0	0
NR_036053_1	83	27.5283	0	0
NR_036264	83	27.5283	0	0
NR_036264_1	83	27.5283	0	0
NR_031573	87	30.0536	0	0
NR_031696	87	30.0536	0	0
NR_031568	73	21.087	0	0
NR_031716	61	20.6154	0	0
NR_029703	84	27.0536	0	0
NR_029613	110	39.2169	0	0
NR_030179	137	41.6908	0	0
NR_031730	80	26.12	0	0
NR_029586	71	21.5122	0	0
NR_029495	73	21.087	0	0
NR_029497	73	21.087	0	0
NR_029501	78	24.12	0	0
NR_036154	70	22.7297	0	0
NR_036155	85	28.0536	0	0
NR_036156	73	21.087	0	0
NR_036158	80	26.12	0	0
NR_036159	76	24.087	0	0
NR_036157	53	20.8824	0	0
NR_029886	94	33.5397	0	0
NR_029864	67	22.1818	0	0
NR_039909	66	21.1818	0	0
NR_029865	67	22.1818	0	0
NR_029866	69	22.3333	0	0
NR_037505	102	38.8088	0	0
NR_036207	80	26.12	0	0
NR_036206	73	21.087	0	0
NR_036208	69	22.3333	0	0
NR_036209	72	22	0	0
NR_039755	56	20.75	0	0
NR_039756	47	21.9167	0	0
NR_039900	92	32.0645	0	0
NR_039901	71	21.5122	0	0
NR_039902	54	18.75	0	0
NR_039903	82	28.12	0	0
NR_039904	77	24.0833	0	0
NR_039905	67	22.1818	0	0
NR_039906	74	22.087	0	0
NR_039907	72	22	0	0
NR_039910	89	29.5574	0	0
NR_030182	124	43.7619	0	0
NR_030180	84	27.0536	0	0
NR_030180_1	84	27.0536	0	0
NR_030181	98	36.4615	0	0
NR_030181_1	98	36.4615	0	0
NR_030184	83	27.5283	0	0
NR_030184_1	83	27.5283	0	0
NR_030187	83	27.5283	0	0
NR_030187_1	83	27.5283	0	0
NR_030220	90	30.5574	0	0
NR_030221	90	30.5574	0	0
NR_030212	90	30.5574	0	0
NR_030207	85	28.0536	0	0
NR_030201	87	30.0536	0	0
NR_030205	67	22.1818	0	0
NR_030214	95	34.5397	0	0
NR_030210	85	28.0536	0	0
NR_030213	87	30.0536	0	0
NR_030196	83	27.5283	0	0
NR_030199	101	38.3731	0	0
NR_030211	87	30.0536	0	0
NR_030209	88	29.5254	0	0
NR_030194	87	30.0536	0	0
NR_030218	85	28.0536	0	0
NR_030222	87	30.0536	0	0
NR_030191	81	27.12	0	0
NR_030188	87	30.0536	0	0
NR_030202	88	29.5254	0	0
NR_030185	84	27.0536	0	0
NR_030189	85	28.0536	0	0
NR_030195	61	20.6154	0	0
NR_030198	87	30.0536	0	0
NR_030204	87	30.0536	0	0
NR_030183	87	30.0536	0	0
NR_030186	87	30.0536	0	0
NR_030206	90	30.5574	0	0
NR_030215	88	29.5254	0	0
NR_030216	87	30.0536	0	0
NR_030203	87	30.0536	0	0
NR_030217	87	30.0536	0	0
NR_030193	87	30.0536	0	0
NR_030200	87	30.0536	0	0
NR_030192	85	28.0536	0	0
NR_030197	85	28.0536	0	0
NR_030208	65	20.1818	0	0
NR_030190	83	27.5283	0	0
NR_030219	85	28.0536	0	0
NR_030367	99	36.3731	0	0
NR_030368	100	37.3731	0	0
NR_030369	98	36.4615	0	0
NR_030371	99	36.3731	0	0
NR_030372	97	35.4615	0	0
NR_037512	77	24.0833	0	0
NR_030373	94	33.5397	0	0
NR_029607	110	39.2169	0	0
NR_027148	768	516.162	0	0
NR_030412	118	42.3511	0	0
NR_030632	91	31.0645	0	0
NR_029843	70	22.7297	0	0
NR_029482	79	25.12	0	0
NM_017572	1758	1506.16	0	0
NM_199054	3785	3533.16	0	0
NM_014727	8469	8217.16	0	0
NM_005934	4505	4253.16	0	0
NM_130807	3331	3079.16	0	0
NM_001159846	1507	1255.16	0	0
NM_032868	1567	1315.16	0	0
NM_032683	1358	1106.16	0	0
NM_001031727	3177	2925.16	0	0
NM_032285	3036	2784.16	1.25525	20.0649
NM_023937	968	716.162	0	0
NM_015956	1458	1206.16	0	0
NM_146387	1322	1070.16	0	0
NM_146388	2404	2152.16	0	0
NM_172251	623	371.162	0	0
NM_021107	1077	825.162	0	0
NM_033362	1046	794.162	0	0
NM_033363	973	721.162	0	0
NM_024690	43816	43564.2	0	0
NM_032853	4101	3849.16	0	0
NR_024247	4170	3918.16	0	0
NM_001020818	3220	2968.16	0	0
NM_001020819	3118	2866.16	1.61739e-07	2.5114e-06
NM_001020820	3054	2802.16	0.538021	8.54491
NM_001020821	3186	2934.16	0	0
NM_138373	3054	2802.16	0.538021	8.54491
NM_004533	3598	3346.16	0	0
NM_001077186	6813	6561.16	0	0
NM_001145809	6912	6660.16	0	0
NM_024729	6789	6537.16	0	0
NM_012335	4173	3921.16	0	0
NM_001130065	7623	7371.16	0	0
NM_004145	7611	7359.16	0	0
NM_001012643	1887	1635.16	0	0
NM_003422	2603	2351.16	0	0
NM_198055	2921	2669.16	0	0
NM_052876	4491	4239.16	0	0
NM_001029861	1564	1312.16	0	0
NM_001098622	833	581.162	0	0
NM_003827	1860	1608.16	0	0
NR_038456	1516	1264.16	0	0
NR_038457	1663	1411.16	0	0
NM_004851	1392	1140.16	0	0
NR_002798	1330	1078.16	0	0
NM_020378	1350	1098.16	0	0
NM_004386	6406	6154.16	0	0
NM_001001414	1973	1721.16	0	0
NM_020170	3733	3481.16	2999	38340.1
NM_001145457	1150	898.162	0	0
NM_001145458	1102	850.162	0	0
NM_001242356	868	616.162	0	0
NM_001242357	817	565.162	0	0
NM_004829	1153	901.162	0	0
NM_001193375	2633	2381.16	0	0
NM_175614	803	551.162	0	0
NR_034166	923	671.162	0	0
NM_015965	542	290.162	0	0
NM_004542	354	102.455	0	0
NM_005001	585	333.162	0	0
NM_004146	546	294.162	0	0
NM_024407	786	534.162	0	0
NM_001245002	8045	7793.16	3227.35	18430.3
NM_001245004	7891	7639.16	2303.67	13420.7
NM_001245005	7914	7662.16	824.259	4787.55
NM_005597	7805	7553.16	2437.5	14362.1
NM_205843	8068	7816.16	1179.22	6714.34
NM_002501	5576	5324.16	0	0
NM_001243116	994	742.162	0	0
NM_002503	1236	984.162	0	0
NR_040515	2251	1999.16	0	0
NM_139239	1834	1582.16	0	0
NM_005601	826	574.162	0	0
NM_198478	4687	4435.16	2.2021	22.0967
NM_145007	4041	3789.16	0	0
NM_033297	2621	2369.16	11.7164	220.09
NM_144687	3854	3602.16	0	0
NM_176810	3157	2905.16	0	0
NM_001174081	3544	3292.16	0	0
NM_001174082	3509	3257.16	0	0
NM_001174083	3506	3254.16	0	0
NM_017852	3575	3323.16	0	0
NM_134444	3674	3422.16	0	0
NM_153447	3883	3631.16	0	0
NM_001127255	3421	3169.16	0	0
NM_139176	3337	3085.16	0	0
NM_206828	3250	2998.16	0	0
NM_176811	3934	3682.16	0	0
NM_176820	3484	3232.16	0	0
NM_015953	1098	846.162	0	0
NM_000435	8071	7819.16	0	0
NM_002516	1877	1625.16	0	0
NM_002517	2043	1791.16	0	0
NM_004646	5024	4772.16	2.59386	24.1899
NM_001256647	1799	1547.16	0	0
NM_007121	2090	1838.16	0	0
NM_176880	1299	1047.16	0	0
NM_005234	1804	1552.16	0	0
NM_004558	1104	852.162	0	0
NM_006179	999	747.162	0	0
NM_145807	1836	1584.16	0	0
NM_006184	2579	2327.16	0	0
NM_001105570	2967	2715.16	0	0
NM_004756	3559	3307.16	3	40.3708
NM_001193357	3184	2932.16	0	0
NM_012346	3225	2973.16	0	0
NM_016553	3586	3334.16	0	0
NM_153718	3264	3012.16	0	0
NM_153719	3419	3167.16	0	0
NM_001007525	7645	7393.16	0	0
NM_138454	908	656.162	0	0
NM_004152	1146	894.162	5	248.86
NM_024578	1091	839.162	0	0
NM_182577	1604	1352.16	0	0
NM_058164	1861	1609.16	0	0
NM_001080488	1485	1233.16	0	0
NM_001017989	1932	1680.16	0	0
NM_025136	7873	7621.16	11.3391	66.2153
NM_013940	1120	868.162	0	0
NM_013939	1029	777.162	0	0
NM_013938	951	699.162	0	0
NM_001004465	951	699.162	0	0
NM_001004466	948	696.162	0	0
NM_001004713	1068	816.162	0	0
NM_001004456	942	690.162	0	0
NM_001004699	945	693.162	0	0
NM_001005240	918	666.162	0	0
NM_001005190	930	678.162	0	0
NM_030901	930	678.162	0	0
NM_017506	2138	1886.16	0	0
NM_198944	963	711.162	0	0
NM_012377	960	708.162	0	0
NM_175883	3224	2972.16	0	0
NM_001005191	1022	770.162	0	0
NM_001079935	1020	768.162	0	0
NM_001005192	936	684.162	0	0
NM_001005193	1038	786.162	0	0
NM_001001958	939	687.162	0	0
NM_130771	1422	1170.16	0	0
NM_133168	1377	1125.16	0	0
NM_133169	1410	1158.16	0	0
NM_206818	1936	1684.16	0	0
NM_002566	1976	1724.16	0	0
NM_019088	2132	1880.16	0	0
NM_001145939	1098	846.162	0	0
NM_001145940	859	607.162	0	0
NM_002573	1076	824.162	0	0
NM_001014831	3064	2812.16	0	0
NM_001014832	2765	2513.16	0	0
NM_001014834	2306	2054.16	0	0
NM_001014835	2379	2127.16	0	0
NM_005884	2838	2586.16	0	0
NM_001040134	2742	2490.16	0	0
NM_002579	2874	2622.16	0	0
NM_001145028	2260	2008.16	0	0
NM_001004318	2961	2709.16	1.0775	17.7004
NM_025245	1730	1478.16	0	0
NR_038198	1629	1377.16	0	0
NM_174895	706	454.162	0	0
NM_017573	2661	2409.16	0	0
NM_032346	1157	905.162	0	0
NM_004708	604	352.162	0	0
NM_001111307	4779	4527.16	0	0
NM_001111308	4593	4341.16	0	0
NM_001111309	4488	4236.16	0	0
NM_001243121	4689	4437.16	0	0
NM_006202	4261	4009.16	0	0
NM_000923	5346	5094.16	0	0
NM_001098818	5071	4819.16	0.00984879	0.0909521
NM_001098819	5124	4872.16	6.8313e-06	6.23998e-05
NR_040546	5021	4769.16	10.1267	94.4989
NM_001146184	8683	8431.16	0	0
NM_001146185	8369	8117.16	0	0
NM_001146186	8716	8464.16	0	0
NM_001146187	8375	8123.16	0	0
NM_006210	8759	8507.16	0	0
NR_023847	1314	1062.16	0	0
NM_000285	2010	1758.16	0	0
NM_001166056	1887	1635.16	0	0
NM_001166057	1818	1566.16	0	0
NM_080662	1062	810.162	0	0
NM_012088	1034	782.162	0	0
NM_005091	952	700.162	0	0
NM_052890	1881	1629.16	0	0
NM_017712	7084	6832.16	4.14542	27.003
NM_198850	2489	2237.16	0	0
NM_015897	1737	1485.16	0	0
NM_017916	1246	994.162	0	0
NM_005027	3938	3686.16	0	0
NM_006221	1120	868.162	0	0
NR_038422	1173	921.162	0	0
NR_038830	842	590.162	0	0
NM_001195733	4998	4746.16	0	0
NM_012398	5082	4830.16	0	0
NM_002741	3080	2828.16	0	0
NM_213560	2947	2695.16	0	0
NM_001159322	2493	2241.16	0	0
NM_001159323	2567	2315.16	0	0
NM_003706	2524	2272.16	0	0
NR_027064	3693	3441.16	0	0
NM_001005376	1434	1182.16	0	0
NM_001005377	1418	1166.16	0	0
NM_002659	1553	1301.16	0	0
NM_001031696	2181	1929.16	0	0
NM_012268	2405	2153.16	0	0
NM_001161354	2787	2535.16	0	0
NM_020904	3083	2831.16	0	0
NM_024310	1739	1487.16	0	0
NM_022835	7607	7355.16	4.22959	25.5922
NM_018049	1215	963.162	0	0
NM_001164189	2337	2085.16	3.54802e-05	0.000757264
NM_001164194	2304	2052.16	1.43619	31.146
NM_005817	2340	2088.16	1.36386e-05	0.000290674
NM_001080400	6353	6101.16	0	0
NM_001013706	2441	2189.16	0	0
NM_001243079	1933	1681.16	0	0
NM_031310	2276	2024.16	0	0
NM_007254	1721	1469.16	0	0
NM_001103149	3491	3239.16	0	0
NM_018215	3696	3444.16	0	0
NM_020709	4722	4470.16	0	0
NM_001166111	4573	4321.16	0	0
NM_001166112	4508	4256.16	0	0
NM_001166113	4460	4208.16	0	0
NM_001166114	4389	4137.16	0	0
NM_006702	4472	4220.16	0	0
NM_001146254	3307	3055.16	0	0
NM_001146255	3040	2788.16	0	0
NM_024825	3331	3079.16	0	0
NM_002691	3447	3195.16	0	0
NM_002695	2866	2614.16	1.50421	25.6082
NM_006233	872	620.162	0	0
NM_005035	3800	3548.16	0	0
NM_006627	2594	2342.16	0	0
NR_027368	2370	2118.16	0	0
NM_001207025	6944	6692.16	0	0
NM_001207026	1703	1451.16	0	0
NM_001247994	6760	6508.16	0	0
NM_002698	6896	6644.16	0	0
NM_020230	1728	1476.16	2	60.2972
NM_001040664	3207	2955.16	0	0
NM_001198690	3269	3017.16	0	0
NM_003712	1310	1058.16	0	0
NM_177526	1269	1017.16	0	0
NM_177543	1377	1125.16	0	0
NM_003660	4718	4466.16	0	0
NM_001080401	1714	1462.16	0	0
NM_017607	2924	2672.16	0	0
NM_001142502	3122	2870.16	0	0
NM_006663	3120	2868.16	0	0
NM_001243947	696	444.162	0	0
NM_033256	777	525.162	0	0
NM_014330	2383	2131.16	0	0
NM_019121	2952	2700.16	0	0
NM_014225	2509	2257.16	0	0
NR_033500	2408	2156.16	0	0
NM_001204284	2166	1914.16	0	0
NM_006247	2232	1980.16	0	0
NM_014931	3637	3385.16	0	0
NM_032152	2209	1957.16	0	0
NM_005809	1008	756.162	0	0
NM_181738	710	458.162	0	0
NR_026881	493	241.162	0	0
NM_002730	2673	2421.16	0	0
NM_207518	2474	2222.16	0	0
NM_002739	3128	2876.16	0	0
NM_001001329	2252	2000.16	0	0
NM_002743	2261	2009.16	0	0
NM_001079880	3322	3070.16	0	0
NM_001079881	3186	2934.16	0	0
NM_001079882	2923	2671.16	0	0
NM_016457	3601	3349.16	0	0
NM_001207042	1192	940.162	0	0
NM_001536	1450	1198.16	0	0
NM_198318	1396	1144.16	0	0
NR_033397	1568	1316.16	0	0
NM_021232	1677	1425.16	0	0
NM_015629	2183	1931.16	0	0
NM_020719	6943	6691.16	0	0
NM_199285	1530	1278.16	0	0
NM_001134316	1392	1140.16	0	0
NM_178511	839	587.162	0	0
NR_037675	774	522.162	0	0
NM_000951	1393	1141.16	0	0
NM_214710	1053	801.162	0	0
NM_002777	1001	749.162	0	0
NM_020956	5506	5254.16	0	0
NM_181882	4857	4605.16	0	0
NM_172341	665	413.162	0	0
NM_001184825	2071	1819.16	0	0
NM_001184826	1985	1733.16	0	0
NM_006905	2276	2024.16	0	0
NR_026824	1742	1490.16	0	0
NM_001113410	1175	923.162	0	0
NM_002785	1541	1289.16	0	0
NM_203287	1243	991.162	0	0
NM_031246	1612	1360.16	0	0
NM_021016	1908	1656.16	0	0
NM_002780	2032	1780.16	0	0
NM_213633	1753	1501.16	0	0
NM_001130014	1572	1320.16	0	0
NM_002781	1640	1388.16	0	0
NM_001031850	1698	1446.16	0	0
NM_002782	1391	1139.16	0	0
NM_001206650	1672	1420.16	0	0
NM_002783	2038	1786.16	0	0
NM_001130167	2031	1779.16	0	0
NM_001130168	1665	1413.16	0	0
NM_182707	1441	1189.16	0	0
NM_002784	1706	1454.16	0	0
NM_006503	1435	1183.16	0	0
NM_153001	1342	1090.16	0	0
NM_002812	1539	1287.16	0	0
NM_004158	471	219.162	0	0
NM_002819	3281	3029.16	0	0
NM_031990	3260	3008.16	0	0
NM_031991	3203	2951.16	0	0
NM_175847	2201	1949.16	0	0
NM_000955	1421	1169.16	0	0
NM_000960	2086	1834.16	0	0
NM_178449	459	207.162	0	0
NM_017432	1884	1632.16	0	0
NM_001161440	3394	3142.16	0	0
NM_002842	3928	3676.16	0	0
NM_002850	7347	7095.16	0	0
NM_130853	6006	5754.16	0	0
NM_130854	7233	6981.16	0	0
NM_130855	6018	5766.16	0	0
NM_001135768	5768	5516.16	0.0521719	0.420922
NM_001135769	5744	5492.16	0.947828	7.68047
NM_001135770	1643	1391.16	0	0
NM_006505	5903	5651.16	0	0
NM_001042724	2856	2604.16	0	0
NM_002856	2151	1899.16	1	23.4336
NM_001163377	2029	1777.16	0	0
NM_017659	2311	2059.16	0	0
NM_031209	1334	1082.16	0	0
NM_138774	1809	1557.16	0	0
NM_004218	1628	1376.16	1	32.3394
NM_002866	1501	1249.16	0	0
NM_004283	4273	4021.16	0	0
NM_016154	1189	937.162	0	0
NR_037791	2849	2597.16	0	0
NM_005370	2177	1925.16	0	0
NM_006423	807	555.162	0	0
NM_005053	1793	1541.16	0	0
NM_003624	3385	3133.16	0	0
NM_007320	3196	2944.16	0	0
NM_007322	3400	3148.16	0	0
NM_022904	3290	3038.16	0	0
NM_001146202	3176	2924.16	0	0
NM_001146203	2942	2690.16	0	0
NM_001146204	3011	2759.16	0	0
NM_001146205	3116	2864.16	0	0
NM_001146206	2651	2399.16	3	55.6497
NM_001146207	2927	2675.16	0	0
NM_170604	3218	2966.16	0	0
NM_017805	3302	3050.16	0	0
NM_133452	3592	3340.16	0	0
NM_032753	2153	1901.16	0	0
NM_024321	1650	1398.16	0	0
NM_020650	1854	1602.16	0	0
NM_001145971	1931	1679.16	0	0
NM_138412	2023	1771.16	0	0
NR_027381	2143	1891.16	0	0
NR_027382	2425	2173.16	0	0
NM_015725	1714	1462.16	0	0
NM_138393	1373	1121.16	0	0
NM_006509	2275	2023.16	0	0
NM_001193374	469	217.162	0	0
NM_020415	478	226.162	0	0
NM_020695	4581	4329.16	0	0
NM_001145014	908	656.162	0	0
NM_002918	4377	4125.16	0	0
NM_000635	4112	3860.16	0	0
NM_134433	4037	3785.16	0	0
NM_003721	1438	1186.16	0	0
NM_134440	1369	1117.16	0	0
NM_001035223	2543	2291.16	0	0
NM_001161616	2561	2309.16	0	0
NM_207391	2894	2642.16	0	0
NM_033103	3531	3279.16	0	0
NM_001195833	3060	2808.16	0	0
NM_198445	3044	2792.16	0	0
NM_080864	452	200.266	0	0
NM_006397	1142	890.162	0	0
NM_194460	1650	1398.16	0	0
NM_012423	1126	874.162	0	0
NR_026712	658	406.162	0	0
NM_000979	641	389.162	0	0
NM_000980	618	366.162	0	0
NM_000991	4207	3955.16	0	0
NM_001136134	4401	4149.16	0	0
NM_001136135	896	644.162	0	0
NM_001136136	594	342.162	0	0
NM_001136137	682	430.162	0	0
NM_015414	537	285.162	0	0
NM_033643	433	181.266	0	0
NM_001015	609	357.162	0	0
NM_001018	531	279.162	0	0
NM_001020	590	338.162	0	0
NM_001022	849	597.162	0	0
NM_001031	382	130.266	0	0
NM_001009	741	489.162	0	0
NM_001013	713	461.162	0	0
NR_003662	1379	1127.16	0	0
NM_006270	983	731.162	0	0
NM_030785	2484	2232.16	0	0
NM_001080997	1043	791.162	0	0
NM_031429	1328	1076.16	0	0
NM_005619	2282	2030.16	0	0
NM_206900	2065	1813.16	0	0
NM_206901	1078	826.162	0	0
NM_006666	1488	1236.16	0	0
NM_000540	15391	15139.2	0	0
NM_001042723	15376	15124.2	0	0
NM_004230	3584	3332.16	2.92365	39.0481
NM_003775	1595	1343.16	708	23458.8
NM_001166215	2457	2205.16	0	0
NM_030760	2341	2089.16	0	0
NM_001145713	2319	2067.16	0	0
NM_001145714	2389	2137.16	0	0
NM_005500	2534	2282.16	0	0
NR_027280	2583	2331.16	0	0
NM_001201338	3112	2860.16	0	0
NM_001201339	3109	2857.16	0	0
NM_001201340	2905	2653.16	0	0
NM_002967	3106	2854.16	0	0
NR_037699	2837	2585.16	0	0
NM_014649	3318	3066.16	0	0
NM_138352	1299	1047.16	0	0
NM_018028	4490	4238.16	0	0
NM_001145901	2065	1813.16	0	0
NM_017827	2059	1807.16	0	0
NM_001101401	1062	810.162	0	0
NM_001100122	4593	4341.16	0	0
NM_014963	4925	4673.16	0	0
NM_001166034	1986	1734.16	0	0
NM_001166035	723	471.162	0	0
NM_198538	957	705.162	0	0
NM_021228	4313	4061.16	0	0
NM_079834	2526	2274.16	0	0
NR_027620	602	350.162	0	0
NM_001025591	427	175.266	0	0
NR_045208	180	66.2752	0	0
NM_001037	1448	1196.16	0	0
NM_199037	1112	860.162	0	0
NM_001042631	1131	879.162	0	0
NR_004401	2649	2397.16	0	0
NM_182704	1704	1452.16	0	0
NM_032108	3942	3690.16	0	0
NM_003009	880	628.162	0	0
NM_013376	1204	952.162	0	0
NM_013368	1518	1266.16	0	0
NM_203344	1407	1155.16	0	0
NM_007165	1650	1398.16	0	0
NM_001199824	1269	1017.16	0	0
NM_003021	2315	2063.16	0	0
NM_005490	2356	2104.16	0	0
NM_001199943	2396	2144.16	0	0
NM_001199944	2198	1946.16	0	0
NM_003025	2540	2288.16	0	0
NM_016148	6643	6391.16	0	0
NM_012435	2494	2242.16	0	0
NM_020209	2576	2324.16	0	0
NM_001145176	6035	5783.16	0	0
NM_138392	2365	2113.16	0	0
NM_001171156	3220	2968.16	0	0
NM_001171157	3109	2857.16	0	0
NM_001171158	2965	2713.16	0	0
NM_001171159	2935	2683.16	0	0
NM_001171160	2860	2608.16	0	0
NM_001171161	2665	2413.16	0	0
NM_033130	3394	3142.16	0	0
NM_001135163	2877	2625.16	4	67.8118
NM_052884	3165	2913.16	0	0
NM_033329	1736	1484.16	0	0
NM_053003	2126	1874.16	0	0
NM_001098612	2113	1861.16	0	0
NR_002825	1609	1357.16	0	0
NM_003830	2498	2246.16	0	0
NM_001177547	1966	1714.16	0	0
NM_001177548	2073	1821.16	0	0
NM_001177549	1913	1661.16	0	0
NM_001245	2122	1870.16	0	0
NM_198845	2074	1822.16	0	0
NM_198846	1946	1694.16	0	0
NM_014385	1754	1502.16	0	0
NM_016543	1475	1223.16	0	0
NM_014442	2949	2697.16	0	0
NM_001198558	1600	1348.16	0	0
NM_014441	1718	1466.16	0	0
NR_002804	2231	1979.16	0	0
NM_015260	5138	4886.16	0	0
NM_015073	7983	7731.16	0	0
NM_001193286	1912	1660.16	0	0
NM_012237	2072	1820.16	0	0
NM_030593	2064	1812.16	0	0
NR_034146	1995	1743.16	0	0
NM_001193285	1555	1303.16	0	0
NM_016539	1636	1384.16	0	0
NM_175875	3331	3079.16	0	0
NM_020309	2976	2724.16	0	0
NM_001145144	1737	1485.16	0	0
NM_001145145	1927	1675.16	0	0
NM_005628	2873	2621.16	0	0
NM_005071	1719	1467.16	0	0
NM_024103	3460	3208.16	0	0
NM_173637	1551	1299.16	0	0
NM_178526	3132	2880.16	0	0
NM_198580	3547	3295.16	0	0
NM_012254	2365	2113.16	0	0
NM_024881	5093	4841.16	3.83771	35.2796
NM_144564	1425	1173.16	0	0
NM_213568	2986	2734.16	0	0
NM_001145056	3375	3123.16	0	0
NM_020428	3434	3182.16	0	0
NM_000453	3576	3324.16	4.68864	62.772
NM_014037	2933	2681.16	0	0
NM_019849	1946	1694.16	0	0
NM_001126335	1688	1436.16	0	0
NM_001243036	1783	1531.16	0	0
NM_014270	1774	1522.16	0	0
NM_015063	5111	4859.16	0	0
NM_001128844	5770	5518.16	0	0
NM_001128845	5320	5068.16	0	0
NM_001128846	5317	5065.16	0	0
NM_001128847	5311	5059.16	0	0
NM_001128848	5308	5056.16	0	0
NM_001128849	5580	5328.16	0	0
NM_003072	5694	5442.16	0	0
NM_019108	2353	2101.16	0	0
NM_003083	1550	1298.16	0	0
NR_030717	1447	1195.16	0	0
NR_004435	122	43	0	0
NR_004435_1	122	43	0	0
NR_024229	121	42.4158	0	0
NR_024229_1	121	42.4158	0	0
NR_024229_2	121	42.4158	0	0
NR_024229_3	121	42.4158	0	0
NR_024229_4	121	42.4158	0	0
NR_024229_5	121	42.4158	0	0
NR_024229_6	121	42.4158	0	0
NR_024229_7	121	42.4158	0	0
NR_024229_8	121	42.4158	0	0
NR_024229_9	121	42.4158	0	0
NR_024225	121	42.4158	0	0
NR_024225_1	121	42.4158	0	0
NR_024225_2	121	42.4158	0	0
NR_024225_3	121	42.4158	0	0
NR_024225_4	121	42.4158	0	0
NR_024225_5	121	42.4158	0	0
NR_024225_6	121	42.4158	0	0
NR_024225_7	121	42.4158	0	0
NR_024225_8	121	42.4158	0	0
NR_024225_9	121	42.4158	0	0
NR_004437	122	43	0	0
NR_004437_1	122	43	0	0
NR_024216	122	43	0	0
NR_024216_1	122	43	0	0
NR_024242	121	42.4158	0	0
NR_024242_1	121	42.4158	0	0
NR_024242_2	121	42.4158	0	0
NR_024242_3	121	42.4158	0	0
NR_024242_4	121	42.4158	0	0
NR_024242_5	121	42.4158	0	0
NR_024242_6	121	42.4158	0	0
NR_024242_7	121	42.4158	0	0
NR_024242_8	121	42.4158	0	0
NR_024242_9	121	42.4158	0	0
NR_004436	122	43	0	0
NR_004436_1	122	43	0	0
NR_024214	121	42.4158	0	0
NR_024214_1	121	42.4158	0	0
NR_024214_2	121	42.4158	0	0
NR_024214_3	121	42.4158	0	0
NR_024214_4	121	42.4158	0	0
NR_024214_5	121	42.4158	0	0
NR_024214_6	121	42.4158	0	0
NR_024214_7	121	42.4158	0	0
NR_024214_8	121	42.4158	0	0
NR_024214_9	121	42.4158	0	0
NR_024215	121	42.4158	0	0
NR_024215_1	121	42.4158	0	0
NR_024215_2	121	42.4158	0	0
NR_024215_3	121	42.4158	0	0
NR_024215_4	121	42.4158	0	0
NR_024215_5	121	42.4158	0	0
NR_024215_6	121	42.4158	0	0
NR_024215_7	121	42.4158	0	0
NR_024215_8	121	42.4158	0	0
NR_024215_9	121	42.4158	0	0
NR_024223	121	42.4158	0	0
NR_024223_1	121	42.4158	0	0
NR_024223_2	121	42.4158	0	0
NR_024223_3	121	42.4158	0	0
NR_024223_4	121	42.4158	0	0
NR_024223_5	121	42.4158	0	0
NR_024223_6	121	42.4158	0	0
NR_024223_7	121	42.4158	0	0
NR_024223_8	121	42.4158	0	0
NR_024223_9	121	42.4158	0	0
NR_024227	121	42.4158	0	0
NR_024227_1	121	42.4158	0	0
NR_024227_2	121	42.4158	0	0
NR_024227_3	121	42.4158	0	0
NR_024227_4	121	42.4158	0	0
NR_024227_5	121	42.4158	0	0
NR_024227_6	121	42.4158	0	0
NR_024227_7	121	42.4158	0	0
NR_024227_8	121	42.4158	0	0
NR_024227_9	121	42.4158	0	0
NR_024224	121	42.4158	0	0
NR_024224_1	121	42.4158	0	0
NR_024224_2	121	42.4158	0	0
NR_024224_3	121	42.4158	0	0
NR_024224_4	121	42.4158	0	0
NR_024224_5	121	42.4158	0	0
NR_024224_6	121	42.4158	0	0
NR_024224_7	121	42.4158	0	0
NR_024224_8	121	42.4158	0	0
NR_024224_9	121	42.4158	0	0
NR_024228	121	42.4158	0	0
NR_024228_1	121	42.4158	0	0
NR_024228_2	121	42.4158	0	0
NR_024228_3	121	42.4158	0	0
NR_024228_4	121	42.4158	0	0
NR_024228_5	121	42.4158	0	0
NR_024228_6	121	42.4158	0	0
NR_024228_7	121	42.4158	0	0
NR_024228_8	121	42.4158	0	0
NR_024228_9	121	42.4158	0	0
NR_024226	121	42.4158	0	0
NR_024226_1	121	42.4158	0	0
NR_024226_2	121	42.4158	0	0
NR_024226_3	121	42.4158	0	0
NR_024226_4	121	42.4158	0	0
NR_024226_5	121	42.4158	0	0
NR_024226_6	121	42.4158	0	0
NR_024226_7	121	42.4158	0	0
NR_024226_8	121	42.4158	0	0
NR_024226_9	121	42.4158	0	0
NR_024231	120	41.4158	0	0
NR_024231_1	120	41.4158	0	0
NR_024230	120	41.4158	0	0
NR_024230_1	120	41.4158	0	0
NR_024220	120	41.4158	0	0
NR_024220_1	120	41.4158	0	0
NR_024220_2	120	41.4158	0	0
NR_024217	120	41.4158	0	0
NR_024217_1	120	41.4158	0	0
NR_024217_2	120	41.4158	0	0
NR_024221	119	40.4158	0	0
NR_024218	120	41.4158	0	0
NR_024219	120	41.4158	0	0
NR_024219_1	120	41.4158	0	0
NR_024219_2	120	41.4158	0	0
NR_024243	119	40.4158	0	0
NR_024258	120	41.4158	0	0
NR_004384	123	43.1731	0	0
NR_004383	128	39.6719	0	0
NR_024244	119	40.4158	0	0
NR_000012	133	40.8014	0	0
NR_004381	85	28.0536	0	0
NR_003688	92	32.0645	0	0
NR_003048	110	39.2169	0	0
NR_000021	82	28.12	0	0
NR_000020	83	27.5283	0	0
NR_000019	66	21.1818	0	0
NR_000018	86	29.0536	0	0
NR_001285	87	30.0536	0	0
NR_002602	66	21.1818	0	0
NR_002751	70	22.7297	0	0
NR_003067	97	35.4615	0	0
NR_003068	97	35.4615	0	0
NR_003069	97	35.4615	0	0
NM_003089	1923	1671.16	0	0
NM_004596	1629	1377.16	0	0
NM_004597	753	501.162	0	0
NM_177542	868	616.162	0	0
NM_133498	972	720.162	0	0
NM_182513	654	402.162	0	0
NM_001204158	2787	2535.16	0	0
NM_001204159	2868	2616.16	0	0
NM_001204160	2684	2432.16	0	0
NM_001243876	2492	2240.16	0	0
NM_020126	2964	2712.16	0	0
NM_001243998	3315	3063.16	5	72.6443
NM_001243999	3526	3274.16	0	0
NM_001244000	3495	3243.16	0	0
NM_003121	3530	3278.16	0	0
NM_001166103	1631	1379.16	0	0
NM_021102	1802	1550.16	0	0
NM_001077238	3814	3562.16	0	0
NM_152988	3751	3499.16	0	0
NM_001039616	543	291.162	0	0
NM_001042522	1323	1071.16	0	0
NM_020971	8687	8435.16	0	0
NM_025213	2419	2167.16	0	0
NM_001145641	2398	2146.16	0	0
NM_001009998	1721	1469.16	0	0
NM_032627	1787	1535.16	0	0
NM_001144950	4910	4658.16	0	0
NM_001195267	3081	2829.16	0	0
NM_001013841	1399	1147.16	0	0
NM_017720	1537	1285.16	0	0
NM_000455	3276	3024.16	0	0
NM_001039877	3210	2958.16	0	0
NM_013403	3189	2937.16	0	0
NM_003765	750	498.162	0	0
NM_001127396	1881	1629.16	0	0
NM_006949	1890	1638.16	0	0
NM_172231	2089	1837.16	0	0
NM_001017392	4768	4516.16	0	0
NM_014884	3657	3405.16	0	0
NM_003167	1987	1735.16	2	51.2969
NM_004605	1253	1001.16	0	0
NM_177973	1200	948.162	0	0
NM_001111020	3712	3460.16	0	0
NM_001130824	3637	3385.16	0	0
NM_001130825	3700	3448.16	0	0
NM_003169	3776	3524.16	0	0
NM_032701	2309	2057.16	0	0
NM_175871	1662	1410.16	4.76577	150.406
NM_001105578	933	681.162	0	0
NM_001080468	482	230.162	0	0
NM_033025	3254	3002.16	0	0
NM_004819	4188	3936.16	0	0
NM_012451	1015	763.162	0	0
NM_001160328	2844	2592.16	0	0
NM_001160329	2480	2228.16	0	0
NM_032298	2915	2663.16	0	0
NM_003180	1825	1573.16	0	0
NM_001135686	897	645.162	0	0
NM_001168222	2273	2021.16	0	0
NM_024682	2372	2120.16	0	0
NM_001281	1475	1223.16	0	0
NM_001060	2601	2349.16	0	0
NM_201636	1941	1689.16	2.51625	66.2955
NM_001136139	4078	3826.16	0	0
NM_003200	4451	4199.16	0	0
NM_001110822	1617	1365.16	0	0
NM_001256658	2216	1964.16	0	0
NM_001256659	2172	1920.16	0	0
NM_001256660	2215	1963.16	0	0
NM_001256661	2190	1938.16	0	0
NM_001256662	1946	1694.16	0	0
NM_003598	2161	1909.16	0	0
NM_138501	1166	914.162	0	0
NR_038103	1198	946.162	0	0
NR_038104	1231	979.162	0	0
NM_001130011	1163	911.162	0	0
NM_031451	1583	1331.16	0	0
NM_013342	1205	953.162	0	0
NM_000660	2200	1948.16	0	0
NM_152658	1825	1573.16	0	0
NM_016585	1326	1074.16	0	0
NM_199202	1254	1002.16	0	0
NM_001205273	447	195.266	0	0
NM_003249	2550	2298.16	0	0
NM_182919	2722	2470.16	0	0
NM_012458	1956	1704.16	0	0
NM_006351	2000	1748.16	0	0
NM_001001563	2572	2320.16	0	0
NM_014428	2859	2607.16	0	0
NM_001144761	2491	2239.16	263.215	5231.51
NM_001144762	2282	2030.16	1084.82	23780.9
NM_003260	2705	2453.16	1805.96	32763
NM_001143986	2008	1756.16	0	0
NM_024760	1930	1678.16	0	0
NM_001001524	1483	1231.16	0	0
NM_001145303	2480	2228.16	0	0
NM_144686	2462	2210.16	0	0
NM_006858	1357	1105.16	0	0
NM_018273	2249	1997.16	0	0
NM_173633	1779	1527.16	0	0
NM_001242597	966	714.162	0	0
NM_001242598	673	421.162	0	0
NM_032635	895	643.162	0	0
NM_001085488	875	623.162	0	0
NM_017854	655	403.162	0	0
NM_001256766	1518	1266.16	0	0
NM_017814	1827	1575.16	0	0
NM_139172	593	341.162	0	0
NM_001145416	797	545.162	0	0
NM_033408	916	664.162	0	0
NM_198536	1295	1043.16	0	0
NM_001190844	1930	1678.16	0	0
NM_001190764	662	410.162	0	0
NM_024074	1625	1373.16	0	0
NM_012109	1619	1367.16	0	0
NM_173804	1751	1499.16	0	0
NM_001042595	971	719.162	0	0
NM_001098821	1079	827.162	0	0
NM_001098822	931	679.162	0	0
NM_001098823	920	668.162	0	0
NM_001098824	908	656.162	0	0
NM_001098825	739	487.162	0	0
NM_001169126	1254	1002.16	2.99891	133.176
NM_144615	1266	1014.16	0.00109474	0.0480401
NM_182973	3180	2928.16	0	0
NM_001167942	3845	3593.16	0.00767498	0.0950608
NM_152362	3817	3565.16	1.39455	17.4083
NM_003807	2894	2642.16	0	0
NM_172014	2786	2534.16	0	0
NM_003811	1665	1413.16	0	0
NM_000363	841	589.162	0	0
NM_001126132	1000	748.162	0	0
NM_001126133	967	715.162	0	0
NM_003283	1048	796.162	0	0
NM_001136195	5092	4840.16	0	0
NM_001136196	4949	4697.16	0	0
NM_013433	4905	4653.16	0	0
NM_001128916	1710	1458.16	0	0
NM_001128917	1802	1550.16	0	0
NM_006114	1707	1455.16	0	0
NM_033513	1114	862.162	0	0
NM_001145160	2630	2378.16	0	0
NM_003290	2645	2393.16	0	0
NM_198479	1839	1587.16	0	0
NR_002166	732	480.162	0	0
NM_001042461	770	518.162	0	0
NM_001042462	679	427.162	0	0
NM_174894	796	544.162	0	0
NM_024108	795	543.162	0	0
NM_005762	2959	2707.16	0	0
NM_004240	2011	1759.16	0	0
NM_001136035	2144	1892.16	0	0
NM_001142554	2178	1926.16	0	0
NM_017722	2265	2013.16	0	0
NM_001195227	3661	3409.16	0	0
NM_017636	4096	3844.16	0	0
NM_001077446	2222	1970.16	0	0
NM_024075	2297	2045.16	0	0
NM_020856	4913	4661.16	0	0
NM_021733	1812	1560.16	0	0
NM_012466	1040	788.162	0	0
NM_032037	1442	1190.16	0	0
NM_152479	843	591.162	0	0
NM_001005367	1858	1606.16	0	0
NM_001201461	1907	1655.16	0	0
NM_020659	1904	1652.16	0	0
NM_006087	2287	2035.16	0	0
NM_003323	1760	1508.16	0	0
NM_003331	4248	3996.16	0	0
NM_001173514	558	306.162	0	0
NM_001173515	555	303.162	0	0
NM_003332	591	339.162	0	0
NM_198125	588	336.162	0	0
NR_033390	551	299.162	0	0
NM_001040425	782	530.162	0	0
NM_144987	724	472.162	0	0
NM_001012478	3119	2867.16	0	0
NM_007279	3131	2879.16	0	0
NM_005499	2665	2413.16	0	0
NM_001033930	2811	2559.16	0.0190567	0.331399
NM_003333	2789	2537.16	5.93633	104.129
NM_003969	1524	1272.16	0	0
NM_014501	1191	939.162	0	0
NM_001048241	451	199.266	0	0
NM_024292	519	267.162	0	0
NM_001171091	1813	1561.16	1	28.5071
NM_025241	1915	1663.16	0	0
NR_015379	1413	1161.16	0	0
NM_001048201	3900	3648.16	0	0
NM_013282	4064	3812.16	0	0
NM_001080421	9838	9586.16	0	0
NM_002911	5345	5093.16	0	0
NM_007000	1223	971.162	0	0
NM_006830	1335	1083.16	0	0
NM_006003	1224	972.162	0	0
NM_001252641	2496	2244.16	0	0
NM_003796	3460	3208.16	0	0
NR_045557	3425	3173.16	0	0
NM_018467	856	604.162	0	0
NM_003367	1709	1457.16	1	30.5417
NM_207291	1508	1256.16	0	0
NM_031941	2410	2158.16	0	0
NM_020903	3606	3354.16	0	0
NM_003370	2290	2038.16	0	0
NM_005428	2888	2636.16	0	0
NM_001017921	1670	1418.16	0	0
NM_020633	1566	1314.16	0	0
NM_173856	1311	1059.16	0	0
NM_173857	906	654.162	0	0
NM_001025778	1950	1698.16	0	0
NM_016440	2100	1848.16	0	0
NM_001163922	3674	3422.16	0	0
NM_198481	1022	770.162	0	0
NM_001146339	1243	991.162	0	0
NR_033266	1137	885.162	0	0
NM_024100	1551	1299.16	0	0
NM_001083961	4745	4493.16	0	0
NM_173636	4730	4478.16	0	0
NM_001099737	1453	1201.16	0	0
NM_032332	1196	944.162	0	0
NR_029375	1436	1184.16	0	0
NM_016145	861	609.162	0	0
NM_031951	8947	8695.16	0	0
NM_173479	1722	1470.16	0	0
NM_021241	4168	3916.16	0	0
NM_001080436	2204	1952.16	0	0
NM_020196	2655	2403.16	0	0
NM_006297	2102	1850.16	0	0
NM_001039671	2768	2516.16	0	0
NM_001039672	2786	2534.16	0	0
NM_001039673	2777	2525.16	0	0
NM_001145461	2762	2510.16	0	0
NM_001145462	2738	2486.16	0	0
NM_001145463	2854	2602.16	0	0
NM_033557	2905	2653.16	0	0
NM_024029	1504	1252.16	0	0
NM_001190328	882	630.162	0	0
NM_198537	1032	780.162	0	0
NM_014383	1960	1708.16	0	0
NM_032792	2352	2100.16	0	0
NM_015898	4441	4189.16	0	0
NM_015168	6116	5864.16	0	0
NM_001083335	3735	3483.16	0	0
NM_013380	3686	3434.16	0	0
NM_020917	7493	7241.16	15.4853	95.1726
NM_020828	4087	3835.16	0	0
NM_014898	4611	4359.16	2	20.4187
NM_003407	1745	1493.16	0	0
NM_133466	2616	2364.16	0	0
NM_001145640	867	615.162	0	0
NM_015174	4757	4505.16	0	0
NR_027149	1032	780.162	0	0
NM_001103167	1980	1728.16	0	0
NM_001010879	2676	2424.16	0	0
NM_001146326	2173	1921.16	0	0
NM_001146327	2260	2008.16	0	0
NM_015363	2097	1845.16	0	0
NM_052882	2627	2375.16	0	0
NM_173531	4470	4218.16	0	0
NM_033204	1450	1198.16	0	0
NM_153608	2206	1954.16	0	0
NM_001008727	1729	1477.16	0	0
NM_003433	3031	2779.16	0	0
NM_003435	2248	1996.16	0	0
NM_001164527	690	438.162	0	0
NM_001164529	2938	2686.16	0	0
NM_001164530	2457	2205.16	1	20.1818
NM_003436	3395	3143.16	0	0
NM_007134	3333	3081.16	0	0
NM_003437	3018	2766.16	0	0
NR_023311	2484	2232.16	0	0
NM_021030	2963	2711.16	1	16.4152
NM_001099638	3782	3530.16	0	0
NM_001099639	3741	3489.16	0	0
NM_007145	3856	3604.16	0	0
NM_001085384	2747	2495.16	0	0
NM_003445	2673	2421.16	0	0
NM_198089	2596	2344.16	0	0
NM_001102603	4336	4084.16	0	0
NM_033288	4219	3967.16	2.0278	22.7481
NM_198893	4304	4052.16	1.52918e-06	1.67948e-05
NM_006959	2678	2426.16	0	0
NM_007147	3785	3533.16	0	0
NM_001172651	2447	2195.16	0	0
NM_003451	2262	2010.16	0	0
NM_013256	3121	2869.16	0	0
NM_001029997	2951	2699.16	0	0
NM_001145665	2948	2696.16	0	0
NM_001203250	3049	2797.16	0	0
NM_021143	3058	2806.16	0	0
NM_007153	9088	8836.16	0	0
NM_006385	2512	2260.16	0	0
NM_198855	2473	2221.16	0	0
NM_013359	2426	2174.16	0	0
NM_001129996	1650	1398.16	0	0
NM_013360	1618	1366.16	0	0
NM_013361	2414	2162.16	0	0
NM_013398	2483	2231.16	0	0
NM_013362	2731	2479.16	0	0
NM_001032372	2603	2351.16	0	0
NM_001032373	2567	2315.16	0	0
NM_001032374	994	742.162	0	0
NM_001146220	885	633.162	0	0
NM_015919	825	573.162	0	0
NM_182490	3043	2791.16	0	0
NM_014518	4964	4712.16	0	0
NM_006300	4132	3880.16	0	0
NM_001207005	2763	2511.16	0	0
NM_181756	2793	2541.16	0	0
NM_001144824	4482	4230.16	4	42.0828
NM_006630	4600	4348.16	4.53068e-08	4.63723e-07
NM_004234	3190	2938.16	0	0
NM_021047	2329	2077.16	6.32909	135.604
NM_203282	3986	3734.16	0	0
NM_005773	2210	1958.16	0	0
NM_033468	3520	3268.16	0	0
NM_001012756	5474	5222.16	8.6955	74.1047
NM_001166036	5468	5216.16	0	0
NM_001166037	5360	5108.16	0	0
NM_001166038	5341	5089.16	0	0
NM_003417	12163	11911.2	3.92317	14.6583
NM_006631	3601	3349.16	0	0
NM_198058	3321	3069.16	0	0
NM_016324	2537	2285.16	0	0
NM_016325	2742	2490.16	0	0
NM_133502	2838	2586.16	0	0
NM_006969	4594	4342.16	0	0
NR_036599	4712	4460.16	0	0
NR_036600	4467	4215.16	0	0
NM_181845	2565	2313.16	0	0
NM_001037813	2208	1956.16	0	0
NM_152354	2686	2434.16	0	0
NM_145288	1586	1334.16	0	0
NM_001099437	2587	2335.16	0	0
NM_001099438	2653	2401.16	0	0
NM_194325	2584	2332.16	0	0
NR_024018	2664	2412.16	0	0
NM_001012320	2600	2348.16	0	0
NM_018443	2623	2371.16	0	0
NM_020657	4416	4164.16	0	0
NM_001190791	3979	3727.16	0	0
NM_020933	4075	3823.16	0	0
NM_207333	6145	5893.16	0	0
NR_037805	2334	2082.16	1	21.3741
NM_014347	3231	2979.16	0	0
NM_207395	2995	2743.16	0	0
NM_024620	3413	3161.16	2.3045	32.4437
NM_001079906	4131	3879.16	0	0
NM_001079907	4151	3899.16	0	0
NM_001253798	4149	3897.16	0	0
NM_001253799	4119	3867.16	0	0
NM_001253800	4078	3826.16	0	0
NM_001253801	3895	3643.16	0	0
NM_018555	5143	4891.16	3.92075	35.6745
NM_032433	3767	3515.16	0	0
NM_001242472	2959	2707.16	0	0
NM_001242474	3104	2852.16	0	0
NM_001242475	2939	2687.16	0	0
NM_001242476	3034	2782.16	0	0
NM_003419	3126	2874.16	0	0
NR_038362	559	307.162	0	0
NM_001172674	4554	4302.16	1.70322	17.6192
NM_001172675	4234	3982.16	0	0
NM_032584	4231	3979.16	0	0
NM_021632	2341	2089.16	0	0
NM_018083	1953	1701.16	0	0
NM_032825	2813	2561.16	0	0
NM_152604	1694	1442.16	0	0
NM_001033719	1842	1590.16	0	0
NM_001146175	1404	1152.16	0	0
NM_032370	1197	945.162	0	0
NM_001136038	2530	2278.16	0	0
NM_001164309	2403	2151.16	0	0
NM_018355	2298	2046.16	0	0
NR_028343	2659	2407.16	1.03364	19.1101
NM_017879	2509	2257.16	0	0
NM_152475	4703	4451.16	2	19.9967
NM_133460	3694	3442.16	0	0
NM_001098491	2366	2114.16	0	0
NM_001098492	2327	2075.16	0	0
NM_001098493	2324	2072.16	0	0
NM_001098494	2267	2015.16	0	0
NM_001098495	2228	1976.16	0	0
NM_001098496	2225	1973.16	0	0
NM_024691	2363	2111.16	0	0
NM_144689	2973	2721.16	0	0
NM_024106	2304	2052.16	0	0
NM_182498	1395	1143.16	0	0
NM_001001415	2361	2109.16	16	337.607
NM_001256648	5771	5519.16	0	0
NM_001256649	5636	5384.16	0	0
NM_001256650	5508	5256.16	0	0
NM_001256651	5122	4870.16	0	0
NM_001256653	5249	4997.16	0	0
NM_001256654	5131	4879.16	0	0
NM_003423	5258	5006.16	0	0
NM_001172671	3916	3664.16	0	0
NM_025189	3919	3667.16	0	0
NM_133473	3846	3594.16	0	0
NM_014650	2573	2321.16	0	0
NM_001080411	2321	2069.16	0	0
NM_152262	2550	2298.16	0	0
NM_001164276	2794	2542.16	0	0
NM_016264	2650	2398.16	1	18.5576
NM_152357	4181	3929.16	0	0
NM_152355	4448	4196.16	0	0
NM_030824	2825	2573.16	0	0
NM_005815	2664	2412.16	0	0
NM_001253792	2061	1809.16	0	0
NM_018337	2064	1812.16	0	0
NM_017908	1974	1722.16	0	0
NM_003425	3903	3651.16	0	0
NM_006635	3849	3597.16	0	0
NM_153257	3192	2940.16	0	0
NM_001008801	3913	3661.16	0	0
NM_199132	4031	3779.16	0	0
NM_001001668	7141	6889.16	1	6.46004
NM_020813	4966	4714.16	0	0
NM_001006656	4568	4316.16	0	0
NM_015428	4690	4438.16	0	0
NM_144684	4741	4489.16	0	0
NM_052852	3897	3645.16	1	12.2091
NM_020714	6098	5846.16	5.5177	42.0038
NM_152356	2823	2571.16	0	0
NM_020855	4245	3993.16	2.8309	31.5507
NM_001076678	4954	4702.16	0	0
NM_145326	1702	1450.16	3.58235	109.939
NM_175910	4731	4479.16	0	0
NM_001207009	3465	3213.16	0	0
NM_198458	3562	3310.16	0	0
NM_001099269	3324	3072.16	0	0
NM_001145404	3228	2976.16	4.10813	61.4311
NM_001136156	7718	7466.16	0	0
NM_014910	7624	7372.16	0	0
NM_153219	1109	857.162	0	0
NR_003699	6094	5842.16	0	0
NM_133444	3954	3702.16	0	0
NM_032453	5126	4874.16	0	0
NM_032423	3978	3726.16	3.68697	44.0361
NM_001145649	5227	4975.16	0.00013585	0.00121522
NM_001145650	5167	4915.16	0.433715	3.92707
NM_020951	5145	4893.16	8.56615	77.9108
NR_027239	2690	2438.16	0	0
NM_020880	2964	2712.16	0	0
NM_001143938	2047	1795.16	0	0
NM_001143939	2086	1834.16	0	0
NM_014717	4935	4683.16	0	0
NM_001172225	3236	2984.16	0	0
NM_001172226	3140	2888.16	0	0
NM_152606	3265	3013.16	0	0
NM_001101419	4632	4380.16	0	0
NR_003127	3508	3256.16	0	0
NR_024055	3411	3159.16	3	42.2621
NR_024056	3664	3412.16	0	0
NR_024057	3592	3340.16	0	0
NR_033418	3732	3480.16	0	0
NM_213598	3671	3419.16	0	0
NM_014480	3510	3258.16	0	0
NM_178544	4593	4341.16	3.14339	32.225
NM_173631	2774	2522.16	0	0
NM_001172773	4550	4298.16	0.0118155	0.12234
NM_152909	4514	4262.16	3.17382	33.1401
NM_001199295	4121	3869.16	0.00333863	0.0384019
NM_153263	4082	3830.16	2.81459	32.7039
NM_001039654	1146	894.162	0	0
NM_138347	3701	3449.16	0	0
NM_024762	2352	2100.16	0	0
NM_001102651	3698	3446.16	11	142.056
NM_001172775	8544	8292.16	4.0148	21.5475
NM_152791	8547	8295.16	3.15643	16.9345
NM_024967	1632	1380.16	0	0
NM_001044387	5989	5737.16	0.612573	4.75185
NM_001044388	5980	5728.16	1.74008	13.5193
NM_024341	6001	5749.16	0.152656	1.18171
NM_144693	3014	2762.16	0	0
NM_001202406	2993	2741.16	0	0
NM_001202407	3003	2751.16	0	0
NM_001202408	3071	2819.16	0	0
NM_001202409	3293	3041.16	0	0
NM_001202410	3141	2889.16	0	0
NM_001202411	3170	2918.16	0	0
NM_001202412	2856	2604.16	0	0
NM_032497	3056	2804.16	0	0
NM_001172650	2550	2298.16	0	0
NM_001202425	2842	2590.16	0	0
NM_152476	2802	2550.16	0	0
NM_152289	4540	4288.16	2	20.7568
NM_001130031	5784	5532.16	0	0
NM_001130032	5731	5479.16	0	0
NM_017656	5568	5316.16	0	0
NM_145276	2773	2521.16	0	0
NM_144976	2948	2696.16	0	0
NM_001042474	1943	1691.16	0	0
NM_152477	1789	1537.16	0	0
NM_001145343	5253	5001.16	0.0023612	0.0210118
NM_001145344	5250	4998.16	0.00351908	0.0313343
NM_001145345	5262	5010.16	0.000714284	0.00634484
NM_032838	5197	4945.16	4.21938	37.9726
NM_152603	2688	2436.16	0	0
NM_001204835	4105	3853.16	0	0
NM_001204836	3847	3595.16	0	0
NM_001204837	3788	3536.16	0	0
NM_001204838	2759	2507.16	0	0
NM_001204839	2498	2246.16	0	0
NM_198539	4108	3856.16	0	0
NM_152484	4058	3806.16	0	0
NM_173480	2003	1751.16	0	0
NM_144694	2247	1995.16	0	0
NM_016536	2276	2024.16	0	0
NM_001172689	2448	2196.16	0	0
NM_001172690	2257	2005.16	0	0
NM_001172691	2251	1999.16	0	0
NM_001172692	2124	1872.16	0	0
NM_152360	2516	2264.16	1	19.6559
NM_022752	3131	2879.16	0	0
NM_174945	1711	1459.16	0	0
NM_001145347	1863	1611.16	0	0
NM_024327	1899	1647.16	0	0
NM_001135590	2930	2678.16	0	0
NM_032679	3083	2831.16	0	0
NR_024181	938	686.162	0	0
NM_001099694	6741	6489.16	0	0
NM_152600	2168	1916.16	0	0
NM_001163423	1026	774.162	0	0
NM_016202	1419	1167.16	0	0
NM_207115	1132	880.162	0	0
NM_016535	1226	974.162	0	0
NM_144690	2297	2045.16	0	0
NM_001159860	2538	2286.16	0	0
NM_001159861	2543	2291.16	0	0
NM_152478	2590	2338.16	0	0
NM_173548	2259	2007.16	0	0
NM_152655	4133	3881.16	0	0
NM_199126	4096	3844.16	0	0
NM_152279	6210	5958.16	0	0
NM_001077426	2093	1841.16	0	0
NM_001204814	2270	2018.16	0	0
NM_017652	2220	1968.16	0	0
NM_001204817	6934	6682.16	1.34349	8.94783
NM_032828	6937	6685.16	0.996785	6.63576
NM_001204818	3340	3088.16	0	0
NM_001007248	3115	2863.16	0	0
NM_198457	2547	2295.16	0	0
NM_025027	4225	3973.16	0	0
NM_001172677	4013	3761.16	0	0
NM_032689	4364	4112.16	0	0
NM_001161425	2264	2012.16	0	0
NM_001161426	2151	1899.16	0	0
NM_001161427	2135	1883.16	0	0
NM_173530	2120	1868.16	0	0
NM_001161499	4517	4265.16	0	0
NM_001161500	4417	4165.16	0	0
NM_001161501	4380	4128.16	0	0
NM_030972	4559	4307.16	0	0
NM_001031721	2339	2087.16	0	0
NM_024840	2231	1979.16	0	0
NM_025040	4676	4424.16	0	0
NM_001199324	4092	3840.16	0	0
NM_198480	4059	3807.16	0	0
NM_178523	3047	2795.16	0	0
NM_145233	1695	1443.16	0	0
NR_037801	1691	1439.16	0	0
NR_037802	3415	3163.16	0	0
NM_001076675	6088	5836.16	0	0
NM_145297	1122	870.162	0	0
NM_145295	2864	2612.16	0	0
NM_033113	3847	3595.16	0	0
NM_023074	3227	2975.16	0	0
NM_138783	2240	1988.16	0	0
NM_024733	3291	3039.16	0	0
NM_022103	3860	3608.16	0	0
NR_030740	4462	4210.16	0	0
NM_024833	2434	2182.16	0	0
NM_138330	2209	1957.16	0	0
NM_001001411	2934	2682.16	0	0
NM_182609	3493	3241.16	3.44615	47.3189
NM_138286	6497	6245.16	6.23945	44.4636
NM_001077349	3164	2912.16	0	0
NM_033196	3207	2955.16	0	0
NM_021915	1659	1407.16	0	0
NM_198535	2094	1842.16	0	0
NM_144566	2865	2613.16	0	0
NM_001172655	5538	5286.16	0	0
NM_018260	5244	4992.16	0	0
NR_003578	2997	2745.16	0	0
NM_021269	4003	3751.16	1	11.8641
NM_152601	4899	4647.16	1.11638	10.6912
NM_021216	3127	2875.16	0	0
NM_182515	8791	8539.16	6	31.2707
NR_045525	568	316.162	0	0
NM_001244038	1964	1712.16	0	0
NM_001242680	3835	3583.16	0	0
NM_001159293	8391	8139.16	7.38838	40.399
NR_027130	11721	11469.2	6.16798	23.9338
NM_001023561	2929	2677.16	0	0
NM_001008401	4212	3960.16	0	0
NM_001012753	2623	2371.16	0	0
NM_001040185	4577	4325.16	0	0
NM_001010851	2975	2723.16	1.14772	18.757
NM_021217	2040	1788.16	0	0
NM_001024596	5419	5167.16	0	0
NM_001144068	5296	5044.16	0	0
NM_198542	2187	1935.16	0	0
NM_173632	5292	5040.16	0	0
NM_001010880	3675	3423.16	0	0
NM_001142577	3601	3349.16	0	0
NM_001142578	3598	3346.16	0	0
NM_001142579	4250	3998.16	0	0
NM_001005851	8664	8412.16	2.43013	12.8565
NM_152605	3142	2890.16	0	0
NM_203374	1996	1744.16	0	0
NM_001002836	1928	1676.16	0	0
NR_027049	3769	3517.16	4.14531	52.4525
NM_001242800	2183	1931.16	0	0
NM_001242801	2361	2109.16	0	0
NM_001242802	2451	2199.16	0	0
NM_206894	2143	1891.16	0	0
NM_153358	2495	2243.16	0	0
NM_175872	3888	3636.16	0	0
NM_001013659	7121	6869.16	4.3566	28.2258
NM_001080821	2588	2336.16	0	0
NM_021089	2210	1958.16	0	0
NM_001023563	10126	9874.16	0.000761176	0.00343073
NM_001145078	9999	9747.16	4.17021	19.0406
NM_001039886	3311	3059.16	0	0
NM_001199814	2011	1759.16	0	0
NM_001004301	4188	3936.16	0	0
NM_001144989	6283	6031.16	0	0
NM_001031665	2747	2495.16	0	0
NM_001202456	2606	2354.16	0	0
NM_001202457	2596	2344.16	0	0
NM_001202473	2680	2428.16	0	0
NM_001080493	2395	2143.16	0	0
NR_036455	636	384.162	0	0
NM_001037232	5032	4780.16	0	0
NM_001171979	4977	4725.16	0	0
NM_001105549	2942	2690.16	0	0
NM_001105550	2826	2574.16	0	0
NM_001105551	2852	2600.16	2	34.2319
NM_001105552	2728	2476.16	0	0
NM_001105553	2880	2628.16	0	0
NM_001105554	2517	2265.16	0	0
NM_001242531	2964	2712.16	0	0
NM_001242538	2749	2497.16	0	0
NM_018300	2601	2349.16	0	0
NR_028594	2000	1748.16	0	0
NM_001005850	2774	2522.16	3.18767	56.2474
NM_001102657	3333	3081.16	0	0
NM_001129730	2033	1781.16	0	0
NM_138466	1931	1679.16	0	0
NM_001136499	3876	3624.16	0	0
NM_001136501	2834	2582.16	0	0
NM_138374	4311	4059.16	0	0
NM_001077624	2133	1881.16	0	0
NM_001256171	2421	2169.16	0	0
NM_001256172	1554	1302.16	0	0
NM_001256173	2204	1952.16	0	0
NM_003429	2331	2079.16	0	0
NR_034060	1554	1302.16	0	0
NR_045830	1567	1315.16	0	0
NM_001193552	7721	7469.16	4.22598	25.18
NM_001195605	4949	4697.16	3.30581	31.3216
NM_001080404	1762	1510.16	0	0
NM_001145434	2262	2010.16	0	0
NM_007138	3753	3501.16	0	0
NM_003430	5396	5144.16	0	0
NM_031218	2794	2542.16	0	0
NM_001098626	2260	2008.16	0	0
NM_001080409	7881	7629.16	0	0
NM_181710	1442	1190.16	0	0
NM_182572	2054	1802.16	0	0
NM_001145542	2574	2322.16	0	0
NM_001145543	2685	2433.16	0	0
NM_001145544	2219	1967.16	0	0
NM_023926	2929	2677.16	0	0
NR_027135	1778	1526.16	0	0
NM_181846	4643	4391.16	0	0
NM_152677	2246	1994.16	2	44.6345
NM_024303	1922	1670.16	0	0
NM_001080456	1626	1374.16	0	0
NM_023072	4339	4087.16	0	0
